time_s,Cmax
0.0,2.55
60.0,2.55
120.0,2.55
180.0,2.55
240.0,2.55
300.0,2.55
360.0,2.5500000000000003
420.0,2.55
480.0,2.55
540.0,2.5500000000000003
600.0,2.5500000000000003
660.0,2.5500000000000003
720.0,2.5500000000000003
780.0,2.5500000000000003
840.0,2.5500000000000003
900.0,2.5500000000000003
960.0,2.5500000000000003
1020.0,2.5500000000000003
1080.0,2.5500000000000003
1140.0,2.5500000000000003
1200.0,2.5500000000000003
1260.0,2.5500000000000003
1320.0,2.5500000000000003
1380.0,2.5500000000000007
1440.0,2.5500000000000003
1500.0,2.5500000000000003
1560.0,2.5500000000000003
1620.0,2.5500000000000007
1680.0,2.5500000000000003
1740.0,2.5500000000000003
1800.0,2.5500000000000003
1860.0,2.5500000000000003
1920.0,2.5500000000000003
1980.0,2.5500000000000007
2040.0,2.5500000000000003
2100.0,2.5500000000000003
2160.0,2.5500000000000003
2220.0,2.5500000000000003
2280.0,2.55
2340.0,2.549999999999999
2400.0,2.5499999999999954
2460.0,2.5499999999999856
2520.0,2.549999999999959
2580.0,2.549999999999891
2640.0,2.5499999999997254
2700.0,2.549999999999338
2760.0,2.549999999998461
2820.0,2.549999999996551
2880.0,2.5499999999925276
2940.0,2.54999999998432
3000.0,2.5499999999680703
3060.0,2.5499999999368055
3120.0,2.5499999998782417
3180.0,2.5499999997713028
3240.0,2.549999999580687
3300.0,2.5499999992485947
3360.0,2.549999998682446
3420.0,2.5499999977369114
3480.0,2.5499999961882613
3540.0,2.5499999936983535
3600.0,2.5499999897650483
3660.0,2.5499999836550993
3720.0,2.5499999743150856
3780.0,2.5499999602547274
3840.0,2.5499999393961406
3900.0,2.5499999088820724
3960.0,2.5499998648356224
4020.0,2.5499998020626813
4080.0,2.5499997136891177
4140.0,2.549999590725048
4200.0,2.549999421546303
4260.0,2.5499991912895217
4320.0,2.549998881150524
4380.0,2.549998467576752
4440.0,2.5499979213488273
4500.0,2.5499972065451857
4560.0,2.5499962793915976
4620.0,2.5499950870274897
4680.0,2.5499935661698294
4740.0,2.54999164165662
4800.0,2.549989224874068
4860.0,2.549986212082683
4920.0,2.549982482689061
4980.0,2.5499778974651237
5040.0,2.549972296807511
5100.0,2.5499654989884726
5160.0,2.5499572984613663
5220.0,2.5499474643836946
5280.0,2.5499357391707687
5340.0,2.549921836794114
5400.0,2.5499054410308544
5460.0,2.5498862040751002
5520.0,2.549863744287118
5580.0,2.5498376454385676
5640.0,2.549807455799558
5700.0,2.5497726869844164
5760.0,2.5497328135536668
5820.0,2.5496872730435034
5880.0,2.5496354657050015
5940.0,2.549576754353579
6000.0,2.5495104658845444
6060.0,2.549435892628114
6120.0,2.5493522909019735
6180.0,2.5492588789879695
6240.0,2.549154839617715
6300.0,2.5490393253874983
6360.0,2.548911460903458
6420.0,2.5487703421230683
6480.0,2.5486150399593575
6540.0,2.548444606666151
6600.0,2.548258082166411
6660.0,2.548054498262242
6720.0,2.547832875736376
6780.0,2.5475922234839494
6840.0,2.5473315495290834
6900.0,2.547049867883279
6960.0,2.546746197801768
7020.0,2.5464195662565507
7080.0,2.546069008761392
7140.0,2.545693567086656
7200.0,2.545292299155867
7260.0,2.5448642883885286
7320.0,2.5444086306178764
7380.0,2.5439244400235714
7440.0,2.54341085527933
7500.0,2.542867051430158
7560.0,2.542292244732266
7620.0,2.541685687424248
7680.0,2.5410466597107635
7740.0,2.540374463054806
7800.0,2.5396684324518883
7860.0,2.5389279419601745
7920.0,2.5381523885175405
7980.0,2.5373411856802055
8040.0,2.536493757594843
8100.0,2.5356095395004155
8160.0,2.534688008677465
8220.0,2.5337286921673354
8280.0,2.5327311657544707
8340.0,2.5316950261011226
8400.0,2.5306198710913903
8460.0,2.529505321901607
8520.0,2.5283510535330116
8580.0,2.5271567946274085
8640.0,2.525922285799508
8700.0,2.5246472516542977
8760.0,2.5233314191746095
8820.0,2.521974562557636
8880.0,2.5205765180598667
8940.0,2.5191371640699183
9000.0,2.5176563835245647
9060.0,2.516134071146119
9120.0,2.514570198033359
9180.0,2.5129647317146073
9240.0,2.5113175837270147
9300.0,2.5096287029937523
9360.0,2.5078981194565144
9420.0,2.5061259194795
9480.0,2.5043122053253892
9540.0,2.5024570774726014
9600.0,2.5005606326019176
9660.0,2.498622941323843
9720.0,2.496644079105918
9780.0,2.494624195074058
9840.0,2.4925634781543513
9900.0,2.490462149703686
9960.0,2.4883205175743077
10020.0,2.4861388976182144
10080.0,2.4839175508791165
10140.0,2.481656667800159
10200.0,2.479356392350784
10260.0,2.477016916011354
10320.0,2.4746384656224634
10380.0,2.472221310686308
10440.0,2.469765790602329
10500.0,2.4672722707959154
10560.0,2.4647410693615406
10620.0,2.4621725224666258
10680.0,2.459567072054026
10740.0,2.456925135356993
10800.0,2.454246954464681
10860.0,2.4515326365201435
10920.0,2.448782273434994
10980.0,2.4459960009810837
11040.0,2.4431740035906726
11100.0,2.440316580536935
11160.0,2.437424159293103
11220.0,2.4344971593583775
11280.0,2.431535944338346
11340.0,2.428540932050572
11400.0,2.425512633618986
11460.0,2.4224515144873506
11520.0,2.4193579626904786
11580.0,2.4162322978715616
11640.0,2.4130748823393886
11700.0,2.4098861990400415
11760.0,2.406666682350374
11820.0,2.4034167633636563
11880.0,2.4001369480112125
11940.0,2.3968276560271042
12000.0,2.3934891679416475
12060.0,2.390121840846087
12120.0,2.38672615251308
12180.0,2.383302485786553
12240.0,2.37985108510297
12300.0,2.376372291270231
12360.0,2.372866713947919
12420.0,2.3693351454772844
12480.0,2.365778362225488
12540.0,2.3621970210632695
12600.0,2.358591612752356
12660.0,2.3549625837232058
12720.0,2.3513103189374855
12780.0,2.347635086604927
12840.0,2.3439371596982954
12900.0,2.340216933175777
12960.0,2.3364747650466122
13020.0,2.3327109104729473
13080.0,2.3289256727835475
13140.0,2.3251195883853377
13200.0,2.3212933185326587
13260.0,2.317447316508018
13320.0,2.313581939708769
13380.0,2.309697643934221
13440.0,2.305794869115865
13500.0,2.301873906104926
13560.0,2.2979349310391335
13620.0,2.293978222589489
13680.0,2.2900041419468784
13740.0,2.2860131991002026
13800.0,2.2820059261850894
13860.0,2.2779827423493875
13920.0,2.2739441593021263
13980.0,2.26989077043588
14040.0,2.265822979656841
14100.0,2.2617408706679267
14160.0,2.2576444321573357
14220.0,2.253533672630565
14280.0,2.2494086887894262
14340.0,2.24526977036661
14400.0,2.2411173296397147
14460.0,2.2369519960019346
14520.0,2.2327744628380377
14580.0,2.2285851533918617
14640.0,2.2243843180257903
14700.0,2.2201721823791982
14760.0,2.215948983080607
14820.0,2.211714970588263
14880.0,2.20747040626471
14940.0,2.2032155591415234
15000.0,2.198950703467216
15060.0,2.1946761170109395
15120.0,2.1903920799683214
15180.0,2.1860988742153085
15240.0,2.1817967828175022
15300.0,2.177486089753666
15360.0,2.1731670797534606
15420.0,2.168840038185797
15480.0,2.1645052510016836
15540.0,2.1601630047063956
15600.0,2.1558135863621555
15660.0,2.1514572836055064
15720.0,2.147094384658775
15780.0,2.1427251783443504
15840.0,2.1383499541057036
15900.0,2.133969002028209
15960.0,2.129582612859127
16020.0,2.1251910780290837
16080.0,2.120794689667172
16140.0,2.1163937406278994
16200.0,2.1119885245156427
16260.0,2.107579338899637
16320.0,2.1031664878050473
16380.0,2.098750272749395
16440.0,2.0943309845943885
16500.0,2.089908903700906
16560.0,2.085484302042031
16620.0,2.081057442445537
16680.0,2.076628578083237
16740.0,2.072197952442106
16800.0,2.0677657995258816
16860.0,2.0633323439368065
16920.0,2.058897800819701
16980.0,2.054462375876678
17040.0,2.0500262653020704
17100.0,2.045589655846403
17160.0,2.041152724816446
17220.0,2.0367156401169733
17280.0,2.032278560294556
17340.0,2.027841634536161
17400.0,2.023405002720129
17460.0,2.018968795454605
17520.0,2.014533134112518
17580.0,2.010098130869393
17640.0,2.0056638887445852
17700.0,2.0012305016545513
17760.0,1.9967980544446076
17820.0,1.9923666229560115
17880.0,1.9879362740514308
17940.0,1.9835070656839213
18000.0,1.9790790470946906
18060.0,1.9746522607506427
18120.0,1.970226744978086
18180.0,1.96580254643278
18240.0,1.961379714017585
18300.0,1.956958301045647
18360.0,1.9525383648745025
18420.0,1.9481199668111802
18480.0,1.943703172424835
18540.0,1.9392880514930042
18600.0,1.9348746780285286
18660.0,1.9304631302869584
18720.0,1.9260534908018345
18780.0,1.921645846397952
18840.0,1.917240288240855
18900.0,1.912836911854199
18960.0,1.90843581708228
19020.0,1.9040371081842395
19080.0,1.8996408937767215
19140.0,1.895247286890223
19200.0,1.890856404962036
19260.0,1.8864683698243792
19320.0,1.8820833077382684
19380.0,1.8777013493672408
19440.0,1.8733226297806373
19500.0,1.8689472884689864
19560.0,1.8645754692979382
19620.0,1.8602073205525314
19680.0,1.8558429948515656
19740.0,1.85148264921589
19800.0,1.8471264448328168
19860.0,1.8427745345980935
19920.0,1.8384270210401912
19980.0,1.8340839944232001
20040.0,1.8297455445906072
20100.0,1.8254117615355725
20160.0,1.8210827351457448
20220.0,1.8167585552680483
20280.0,1.812439311740538
20340.0,1.80812509439492
20400.0,1.8038159930661004
20460.0,1.7995120976011678
20520.0,1.7952134978690995
20580.0,1.7909202837672091
20640.0,1.7866325452358112
20700.0,1.782350372255259
20760.0,1.7780738548563344
20820.0,1.7738030831289968
20880.0,1.7695381472258618
20940.0,1.7652791373705878
21000.0,1.7610261438611174
21060.0,1.7567792570718144
21120.0,1.7525385674609815
21180.0,1.7483041655657063
21240.0,1.7440761420188537
21300.0,1.7398545875249602
21360.0,1.7356395928766297
21420.0,1.7314312489694923
21480.0,1.727229646766074
21540.0,1.723034877327523
21600.0,1.718847031803527
21660.0,1.714666207495874
21720.0,1.7104925006863276
21780.0,1.7063260090592276
21840.0,1.7021668276156776
21900.0,1.6980150468235122
21960.0,1.6938707510390019
22020.0,1.6897340197923403
22080.0,1.685604927621135
22140.0,1.681483544536347
22200.0,1.6773699359797831
22260.0,1.6732641627626235
22320.0,1.6691662810768753
22380.0,1.6650763425632278
22440.0,1.6609943943473144
22500.0,1.656920479045631
22560.0,1.6528546348907667
22620.0,1.648796895727513
22680.0,1.644747291030917
22740.0,1.6407058460858304
22800.0,1.6366725817833696
22860.0,1.6326475149918611
22920.0,1.6286306581516052
22980.0,1.6246220198967884
23040.0,1.6206216044161494
23100.0,1.6166294122604126
23160.0,1.6126454396166547
23220.0,1.608669679031627
23280.0,1.60470211894074
23340.0,1.6007427440736346
23400.0,1.5967915354470203
23460.0,1.5928484710919444
23520.0,1.5889135331150208
23580.0,1.5849867073792945
23640.0,1.5810679815618776
23700.0,1.5771573460254709
23760.0,1.573254793487159
23820.0,1.5693603189668637
23880.0,1.5654739198456693
23940.0,1.5615955958467502
24000.0,1.557725349000227
24060.0,1.5538631836589145
24120.0,1.550009106429791
24180.0,1.5461631261856374
24240.0,1.5423252540472754
24300.0,1.5384955033273309
24360.0,1.5346738895668137
24420.0,1.5308604304680247
24480.0,1.527055145935275
24540.0,1.5232580579693553
24600.0,1.5194691907568918
24660.0,1.5156885705139012
24720.0,1.5119162256198375
24780.0,1.5081521864299186
24840.0,1.504396485437812
24900.0,1.5006491570523255
24960.0,1.4969102377544274
25020.0,1.4931797659857033
25080.0,1.4894577821452797
25140.0,1.4857443285534742
25200.0,1.4820394488210344
25260.0,1.4783431797114792
25320.0,1.4746555223577313
25380.0,1.470976468934949
25440.0,1.4673060145960517
25500.0,1.4636441575586543
25560.0,1.4599908981034355
25620.0,1.4563462389560031
25680.0,1.4527101855748774
25740.0,1.4490827456329114
25800.0,1.4454639293761613
25860.0,1.4418537494202615
25920.0,1.4382522207258015
25980.0,1.4346593605410047
26040.0,1.4310751884165314
26100.0,1.4274997261698568
26160.0,1.4239329979135826
26220.0,1.4203750299361504
26280.0,1.4168258508032416
26340.0,1.4132854911694106
26400.0,1.4097539839135294
26460.0,1.406231363960986
26520.0,1.4027176683702565
26580.0,1.3992129362412857
26640.0,1.3957172086497625
26700.0,1.3922305287818701
26760.0,1.3887529417297153
26820.0,1.3852844945070433
26880.0,1.381825236143771
26940.0,1.3783752173414319
27000.0,1.3749344908288723
27060.0,1.37150310920854
27120.0,1.3680811216686766
27180.0,1.3646685712800017
27240.0,1.3612654959784554
27300.0,1.357871929579207
27360.0,1.3544879018618865
27420.0,1.351113438286877
27480.0,1.3477485600127823
27540.0,1.344393283926956
27600.0,1.3410476227313244
27660.0,1.3377115850733536
27720.0,1.3343851755740022
27780.0,1.3310683949081794
27840.0,1.3277612397219953
27900.0,1.3244637028929414
27960.0,1.321175773330713
28020.0,1.3178974363136988
28080.0,1.3146286732947285
28140.0,1.3113694621324912
28200.0,1.308119777053501
28260.0,1.3048795887560545
28320.0,1.3016488643787092
28380.0,1.298427567633299
28440.0,1.2952156588387256
28500.0,1.292013094964491
28560.0,1.2888198296713937
28620.0,1.285635813366212
28680.0,1.2824609932572202
28740.0,1.2792953133784906
28800.0,1.2761387146523147
28860.0,1.272991134843666
28920.0,1.2698525087376065
28980.0,1.2667227724373422
29040.0,1.263601868863173
29100.0,1.2604897439618137
29160.0,1.2573863472137998
29220.0,1.2542916324869253
29280.0,1.2512055574960772
29340.0,1.2481280836673059
29400.0,1.245059176217433
29460.0,1.24199880411547
29520.0,1.2389469400628237
29580.0,1.2359035603845767
29640.0,1.2328686449924093
29700.0,1.2298421773917712
29760.0,1.226824144505541
29820.0,1.2238145367890283
29880.0,1.2208133480696777
29940.0,1.2178205754781122
30000.0,1.2148362196401137
30060.0,1.2118602842442683
30120.0,1.2088927764447956
30180.0,1.2059337063308944
30240.0,1.2029830873706027
30300.0,1.2000409358888307
30360.0,1.1971072714850826
30420.0,1.1941821165445068
30480.0,1.1912654965421123
30540.0,1.188357439834377
30600.0,1.1854579776352459
30660.0,1.182567140552839
30720.0,1.17968494812486
30780.0,1.1768114125294609
30840.0,1.1739465444925183
30900.0,1.1710903516896929
30960.0,1.1682428386004275
31020.0,1.165404007076407
31080.0,1.1625738559268768
31140.0,1.1597523819855289
31200.0,1.1569395793413735
31260.0,1.1541354392428584
31320.0,1.1513399503665789
31380.0,1.1485530990324748
31440.0,1.1457748690004845
31500.0,1.1430052414718348
31560.0,1.1402441951973534
31620.0,1.1374917066109707
31680.0,1.1347477498359326
31740.0,1.1320122966837562
31800.0,1.1292853167909243
31860.0,1.1265667774849124
31920.0,1.1238566440333235
31980.0,1.1211548794477957
32040.0,1.1184614446309775
32100.0,1.115776298421422
32160.0,1.113099397625266
32220.0,1.1104306970089612
32280.0,1.1077701493684249
32340.0,1.1051177055501513
32400.0,1.1024733148588706
32460.0,1.099836925015393
32520.0,1.0972084823471928
32580.0,1.0945879368571683
32640.0,1.0919752419738158
32700.0,1.0893703523021676
32760.0,1.086773224679583
32820.0,1.0841838185478283
32880.0,1.0816020955150862
32940.0,1.0790280192870374
33000.0,1.076461555732863
33060.0,1.0739026728802128
33120.0,1.0713513409053126
33180.0,1.0688075320177028
33240.0,1.0662712205686262
33300.0,1.063742382814509
33360.0,1.0612209971324567
33420.0,1.0587070437455166
33480.0,1.0562005049145256
33540.0,1.0537013647437798
33600.0,1.051209609250241
33660.0,1.0487252263200333
33720.0,1.0462482057017497
33780.0,1.0437785388806544
33840.0,1.0413162192454326
33900.0,1.038861241771427
33960.0,1.0364136033614348
34020.0,1.0339733023992193
34080.0,1.0315403391815208
34140.0,1.0291147154321887
34200.0,1.0266964346327845
34260.0,1.0242854987258818
34320.0,1.0218818994266556
34380.0,1.0194856234246519
34440.0,1.017096658582396
34500.0,1.01471499222992
34560.0,1.0123406108593263
34620.0,1.0099735007814985
34680.0,1.007613647978609
34740.0,1.0052610381797338
34800.0,1.0029156566454362
34860.0,1.0005774886326493
34920.0,0.9982465186350485
34980.0,0.9959227312359047
35040.0,0.9936061103012985
35100.0,0.9912966397223364
35160.0,0.9889943029239568
35220.0,0.9866990830714625
35280.0,0.9844109630232133
35340.0,0.9821299253357064
35400.0,0.9798559523497302
35460.0,0.9775890260436176
35520.0,0.9753291282240727
35580.0,0.9730762403607611
35640.0,0.9708303436924585
35700.0,0.9685914192157409
35760.0,0.9663594476462635
35820.0,0.9641344095292445
35880.0,0.961916285050313
35940.0,0.9597050541729111
36000.0,0.9575006966829389
36060.0,0.9553031925093324
36120.0,0.9531125223367367
36180.0,0.95092866735764
36240.0,0.9487516089572077
36300.0,0.9465813286220296
36360.0,0.9444178077887795
36420.0,0.9422610279422443
36480.0,0.9401109707373462
36540.0,0.9379676177657635
36600.0,0.9358309508920072
36660.0,0.9337009518515199
36720.0,0.9315776026623659
36780.0,0.9294608852753433
36840.0,0.9273507817574562
36900.0,0.9252472742720295
36960.0,0.9231503450363939
37020.0,0.9210599763222543
37080.0,0.918976150513983
37140.0,0.9168988500509654
37200.0,0.9148280573997392
37260.0,0.9127637551518635
37320.0,0.910705925952551
37380.0,0.9086545524807155
37440.0,0.9066096175171766
37500.0,0.9045711039041052
37560.0,0.9025389945345529
37620.0,0.9005132723727506
37680.0,0.8984939204570849
37740.0,0.8964809218853453
37800.0,0.8944742599051689
37860.0,0.8924739188914237
37920.0,0.8904798854378524
37980.0,0.8884921472687028
38040.0,0.8865106918978425
38100.0,0.8845355056377889
38160.0,0.8825665739347249
38220.0,0.880603881678395
38280.0,0.8786474129545678
38340.0,0.8766971518259582
38400.0,0.8747530812772759
38460.0,0.872815183759662
38520.0,0.8708834414633209
38580.0,0.8689578352620567
38640.0,0.8670383460285044
38700.0,0.8651249539071263
38760.0,0.8632176384223671
38820.0,0.8613163785347047
38880.0,0.8594211526800174
38940.0,0.8575319387599588
39000.0,0.8556487141513631
39060.0,0.8537714557398487
39120.0,0.8519001398854855
39180.0,0.8500347424705167
39240.0,0.848175238891286
39300.0,0.846321604055167
39360.0,0.8444738123368549
39420.0,0.8426318377676645
39480.0,0.840795653824148
39540.0,0.8389652334862494
39600.0,0.8371405493912616
39660.0,0.8353215726610286
39720.0,0.833508272125742
39780.0,0.8317006159413208
39840.0,0.8298985734465404
39900.0,0.8281021156982629
39960.0,0.8263112151620998
40020.0,0.8245258454051625
40080.0,0.8227459811188477
40140.0,0.8209715982196955
40200.0,0.8192026738514782
40260.0,0.8174391863303143
40320.0,0.8156811151521752
40380.0,0.8139284409218351
40440.0,0.8121811454065688
40500.0,0.8104392114476157
40560.0,0.8087026229883127
40620.0,0.8069713650562848
40680.0,0.8052454237136875
40740.0,0.8035247861471247
40800.0,0.801809440462763
40860.0,0.8000993759264104
40920.0,0.7983945826611687
40980.0,0.7966950518924993
41040.0,0.7950007757492674
41100.0,0.7933117473273388
41160.0,0.7916279607075535
41220.0,0.7899494108132136
41280.0,0.7882760935287556
41340.0,0.7866080055345475
41400.0,0.7849451444259736
41460.0,0.7832875073516792
41520.0,0.7816350845623454
41580.0,0.7799878640150143
41640.0,0.7783458340610825
41700.0,0.7767089825559785
41760.0,0.7750772972909721
41820.0,0.7734507659247054
41880.0,0.7718293758399015
41940.0,0.7702131144123087
42000.0,0.7686019686693636
42060.0,0.76699592574566
42120.0,0.7653949723578192
42180.0,0.7637990952654343
42240.0,0.7622082808789168
42300.0,0.7606225156370662
42360.0,0.759041785745414
42420.0,0.7574660772816466
42480.0,0.755895376178819
42540.0,0.7543296682202769
42600.0,0.7527689390931459
42660.0,0.7512131743050827
42720.0,0.7496623592830008
42780.0,0.7481164792986198
42840.0,0.7465755195070374
42900.0,0.7450394649545754
42960.0,0.7435083005500722
43020.0,0.7419820111385564
43080.0,0.7404605813710489
43140.0,0.7389439958015264
43200.0,0.7374322388627591
43260.0,0.7359252964713975
43320.0,0.7344231527544048
43380.0,0.7329257968058092
43440.0,0.7314332161245213
43500.0,0.7299453972078562
43560.0,0.7284623264106511
43620.0,0.7269839900006477
43680.0,0.7255103740767279
43740.0,0.7240414646253791
43800.0,0.7225772474330677
43860.0,0.7211177078877349
43920.0,0.7196628315198399
43980.0,0.7182126032817929
44040.0,0.7167670081898807
44100.0,0.7153260309848254
44160.0,0.713889656218987
44220.0,0.7124578682759432
44280.0,0.7110306513281478
44340.0,0.7096079894364559
44400.0,0.7081898664265951
44460.0,0.7067762660040355
44520.0,0.7053671717001456
44580.0,0.7039625668723849
44640.0,0.7025624347502973
44700.0,0.7011667583722971
44760.0,0.699775520692925
44820.0,0.6983887044359602
44880.0,0.6970062921910329
44940.0,0.6956282664103197
45000.0,0.6942546095048991
45060.0,0.6928853041510346
45120.0,0.6915203340528708
45180.0,0.6901596834864183
45240.0,0.6888033371651343
45300.0,0.6874512796100998
45360.0,0.6861034954005453
45420.0,0.6847599691246217
45480.0,0.683420685428337
45540.0,0.682085629018558
45600.0,0.680754784686318
45660.0,0.679428137416431
45720.0,0.6781056719441756
45780.0,0.6767873731960623
45840.0,0.6754732263561395
45900.0,0.6741632162335863
45960.0,0.6728573280944288
46020.0,0.6715555471226922
46080.0,0.6702578583119198
46140.0,0.6689642472277177
46200.0,0.6676746990871341
46260.0,0.6663891992686727
46320.0,0.6651077331865312
46380.0,0.6638302863421632
46440.0,0.6625568442786772
46500.0,0.6612873925946109
46560.0,0.6600219169424046
46620.0,0.6587604030278257
46680.0,0.6575028366113308
46740.0,0.6562492034995389
46800.0,0.6549994894567208
46860.0,0.6537536799311799
46920.0,0.6525117592016458
46980.0,0.6512737113152779
47040.0,0.6500395201368174
47100.0,0.6488091700836723
47160.0,0.6475826460797282
47220.0,0.6463599333690804
47280.0,0.645141017466423
47340.0,0.6439258841798072
47400.0,0.6427145197821353
47460.0,0.6415069103725132
47520.0,0.640303042996282
47580.0,0.6391029041880768
47640.0,0.637906481633955
47700.0,0.6367137624850845
47760.0,0.6355247349644534
47820.0,0.6343393870498445
47880.0,0.6331577071157549
47940.0,0.6319796838622942
48000.0,0.6308053062296292
48060.0,0.629634563458048
48120.0,0.6284674450094371
48180.0,0.6273039406066508
48240.0,0.6261440402584751
48300.0,0.624987734144736
48360.0,0.6238350127671373
48420.0,0.622685866820522
48480.0,0.6215402872477251
48540.0,0.6203982652508249
48600.0,0.6192597922630063
48660.0,0.618124859967839
48720.0,0.6169934602899142
48780.0,0.6158655849306045
48840.0,0.6147412256111354
48900.0,0.613620373316293
48960.0,0.6125030190621518
49020.0,0.6113891530928302
49080.0,0.6102787655164149
49140.0,0.6091718460332252
49200.0,0.6080683840059266
49260.0,0.6069683685826361
49320.0,0.605871788542733
49380.0,0.6047786324184484
49440.0,0.6036888884117457
49500.0,0.6026025444348728
49560.0,0.6015195881034253
49620.0,0.6004400067347163
49680.0,0.5993637873829691
49740.0,0.5982909167997281
49800.0,0.597221381498122
49860.0,0.5961551677025534
49920.0,0.5950922614111311
49980.0,0.5940326483086769
50040.0,0.592976313868187
50100.0,0.591923243323473
50160.0,0.590873421602678
50220.0,0.5898268334827501
50280.0,0.5887834634486254
50340.0,0.5877432957171397
50400.0,0.5867063140712003
50460.0,0.5856725022024292
50520.0,0.5846418435010025
50580.0,0.5836143211389831
50640.0,0.5825899179736264
50700.0,0.5815686170682215
50760.0,0.580550403609025
50820.0,0.5795352627693526
50880.0,0.5785231800326176
50940.0,0.5775141413923034
51000.0,0.5765081333487583
51060.0,0.5755051429251618
51120.0,0.5745051575790044
51180.0,0.5735081652617853
51240.0,0.5725141544014982
51300.0,0.5715231138698305
51360.0,0.5705350329983314
51420.0,0.5695499015609646
51480.0,0.5685677097660894
51540.0,0.5675884482590577
51600.0,0.5666121081078068
51660.0,0.5656386808400655
51720.0,0.5646681583308307
51780.0,0.5637005329421709
51840.0,0.5627357974172932
51900.0,0.5617739448480005
51960.0,0.5608149688138071
52020.0,0.5598588631853706
52080.0,0.5589056222742417
52140.0,0.5579552407894315
52200.0,0.5570077137063343
52260.0,0.5560630358065229
52320.0,0.5551212004877457
52380.0,0.554182200107684
52440.0,0.5532460268363858
52500.0,0.5523126728092456
52560.0,0.551382130111689
52620.0,0.5504543906819584
52680.0,0.5495294463044131
52740.0,0.5486072884879383
52800.0,0.5476879089589195
52860.0,0.5467712989799282
52920.0,0.5458574499708461
52980.0,0.5449463530588639
53040.0,0.5440379992747293
53100.0,0.5431323796955159
53160.0,0.5422294849380943
53220.0,0.5413293058141762
53280.0,0.540431832969206
53340.0,0.5395370568715383
53400.0,0.5386449679023353
53460.0,0.5377555563979504
53520.0,0.5368688125109847
53580.0,0.5359847263088615
53640.0,0.5351032878389365
53700.0,0.5342244869923014
53760.0,0.5333483135472918
53820.0,0.5324747572399913
53880.0,0.531603807736727
53940.0,0.5307354545465809
54000.0,0.5298696870960875
54060.0,0.5290064946446024
54120.0,0.5281458664377422
54180.0,0.5272877915923974
54240.0,0.5264322595428546
54300.0,0.5255792597013981
54360.0,0.5247287820503603
54420.0,0.5238808165901853
54480.0,0.523035353749334
54540.0,0.5221923841015771
54600.0,0.5213518984613469
54660.0,0.5205138878283129
54720.0,0.519678343427483
54780.0,0.5188452566806256
54840.0,0.5180146192261548
54900.0,0.5171864229194013
54960.0,0.5163606598183924
55020.0,0.5155373221895121
55080.0,0.5147164025051095
55140.0,0.5138978934252016
55200.0,0.5130817878176707
55260.0,0.5122680787286393
55320.0,0.5114567593978248
55380.0,0.5106478232461853
55440.0,0.5098412639089245
55500.0,0.5090370751833642
55560.0,0.5082352510209243
55620.0,0.5074357856132317
55680.0,0.5066386732845601
55740.0,0.5058439084154849
55800.0,0.5050514857110292
55860.0,0.5042613999652956
55920.0,0.5034736452425163
55980.0,0.5026882149863443
56040.0,0.5019051025991041
56100.0,0.5011243015329817
56160.0,0.5003458050721377
56220.0,0.49956960650112586
56280.0,0.4987956988603035
56340.0,0.4980240752559083
56400.0,0.4972547285580746
56460.0,0.49648765161752034
56520.0,0.49572283713517407
56580.0,0.4949602777965542
56640.0,0.4941999661434757
56700.0,0.49344189464368216
56760.0,0.4926860556948518
56820.0,0.4919324415791398
56880.0,0.49118104452025235
56940.0,0.4904318566697149
57000.0,0.4896848700674645
57060.0,0.488940076711268
57120.0,0.4881974685110338
57180.0,0.48745703728530054
57240.0,0.48671877481489817
57300.0,0.48598267277910995
57360.0,0.4852487227907847
57420.0,0.48451691643853767
57480.0,0.48378724517571015
57540.0,0.48305970040460533
57600.0,0.4823342734490838
57660.0,0.4816109554343273
57720.0,0.48088973735714385
57780.0,0.4801706100582209
57840.0,0.47945356462365424
57900.0,0.47873859228054
57960.0,0.47802568460107586
58020.0,0.47731483332891345
58080.0,0.47660603056429296
58140.0,0.4758992683840424
58200.0,0.47519453925157945
58260.0,0.4744918356959332
58320.0,0.47379115043477826
58380.0,0.4730924765530341
58440.0,0.4723958071663496
58500.0,0.47170113562950666
58560.0,0.4710084555128945
58620.0,0.470317760555199
58680.0,0.4696290447073496
58740.0,0.4689423020989624
58800.0,0.4682575269979499
58860.0,0.46757471391270383
58920.0,0.4668938574813355
58980.0,0.46621495251447437
59040.0,0.46553799402909585
59100.0,0.46486297715461833
59160.0,0.4641898972363657
59220.0,0.4635187497588414
59280.0,0.4628495303412893
59340.0,0.46218223482704707
59400.0,0.46151685920593805
59460.0,0.460853399438377
59520.0,0.46019185102914695
59580.0,0.45953220910979636
59640.0,0.4588744686301818
59700.0,0.45821862443244676
59760.0,0.4575646711466658
59820.0,0.4569126034150078
59880.0,0.4562624155761827
59940.0,0.45561410202452696
60000.0,0.4549676567473128
60060.0,0.4543230738882679
60120.0,0.45368034717274003
60180.0,0.45303947029315295
60240.0,0.45240043689075166
60300.0,0.4517632403867593
60360.0,0.4511278740810978
60420.0,0.4504943311758147
60480.0,0.44986260470238343
60540.0,0.44923268759047985
60600.0,0.448604572684723
60660.0,0.44797825264997804
60720.0,0.447353720077226
60780.0,0.44673096745166924
60840.0,0.44610998710609
60900.0,0.44549077130457015
60960.0,0.4448733121837908
61020.0,0.4442576017592389
61080.0,0.44364363196012674
61140.0,0.44303139458014656
61200.0,0.44242088130885304
61260.0,0.4418120837147634
61320.0,0.44120499297980637
61380.0,0.4405996002651088
61440.0,0.43999589676467576
61500.0,0.43939387401586893
61560.0,0.43879352366966556
61620.0,0.43819483774418744
61680.0,0.43759780836819234
61740.0,0.4370024279286673
61800.0,0.43640868883317385
61860.0,0.43581658393352046
61920.0,0.43522610584561533
61980.0,0.4346372478162317
62040.0,0.4340500028609582
62100.0,0.4334643645696284
62160.0,0.4328803264322478
62220.0,0.4322978821932722
62280.0,0.43171702578397825
62340.0,0.43113775129545323
62400.0,0.4305600530062953
62460.0,0.4299839253297835
62520.0,0.42940936285507697
62580.0,0.42883636034370237
62640.0,0.4282649126714218
62700.0,0.42769501491611867
62760.0,0.4271266622798532
62820.0,0.42655985012420616
62880.0,0.4259945739733987
62940.0,0.42543082948487865
63000.0,0.42486861243324453
63060.0,0.4243079182482488
63120.0,0.42374874107069277
63180.0,0.4231910743214031
63240.0,0.42263491155185845
63300.0,0.42208024667503
63360.0,0.42152707381374055
63420.0,0.42097538719766664
63480.0,0.42042518118552985
63540.0,0.41987645028504883
63600.0,0.41932918919617984
63660.0,0.41878339274825005
63720.0,0.41823905593820626
63780.0,0.41769617392088754
63840.0,0.4171547419938466
63900.0,0.4166147556087944
63960.0,0.4160762103524843
64020.0,0.41553910196485433
64080.0,0.41500342631837867
64140.0,0.4144691794325609
64200.0,0.41393635745276536
64260.0,0.41340495668366384
64320.0,0.4128749735657955
64380.0,0.4123464046341652
64440.0,0.4118192466017093
64500.0,0.41129349631351125
64560.0,0.4107691507074824
64620.0,0.41024620685502133
64680.0,0.4097246619935837
64740.0,0.409204513470686
64800.0,0.40868575871874824
64860.0,0.4081683953993727
64920.0,0.4076524189659871
64980.0,0.4071378266374044
65040.0,0.40662461450418064
65100.0,0.40611277894479647
65160.0,0.40560231597114343
65220.0,0.4050932215782523
65280.0,0.40458549176630804
65340.0,0.404079122469947
65400.0,0.4035741095827392
65460.0,0.40307044907810674
65520.0,0.402568136623862
65580.0,0.4020671681478566
65640.0,0.4015675393405039
65700.0,0.4010692458202601
65760.0,0.40057228337740164
65820.0,0.4000766474272713
65880.0,0.3995823335770519
65940.0,0.39908933735346225
66000.0,0.3985976542143111
66060.0,0.39810727956029424
66120.0,0.39761820875472914
66180.0,0.3971304371543102
66240.0,0.39664396005765784
66300.0,0.3961587726954685
66360.0,0.39567487026888554
66420.0,0.3951922479889002
66480.0,0.39471090102510387
66540.0,0.39423082445335783
66600.0,0.393752013336569
66660.0,0.393274462790293
66720.0,0.392798168302641
66780.0,0.392323125525484
66840.0,0.3918493301500212
66900.0,0.39137677785662317
66960.0,0.3909054643184515
67020.0,0.3904353852371855
67080.0,0.38996653630953365
67140.0,0.38949891327662833
67200.0,0.3890325118845793
67260.0,0.3885673279023328
67320.0,0.3881033571232742
67380.0,0.3876405953356393
67440.0,0.38717903838552326
67500.0,0.3867186820974174
67560.0,0.3862595223227754
67620.0,0.3858015549370876
67680.0,0.38534477583021703
67740.0,0.3848891809038033
67800.0,0.38443476608022975
67860.0,0.3839815272997039
67920.0,0.3835294605182733
67980.0,0.3830785616998862
68040.0,0.382628826835253
68100.0,0.38218025192817273
68160.0,0.38173283299759786
68220.0,0.38128656607435074
68280.0,0.3808414472118114
68340.0,0.3803974724772141
68400.0,0.3799546379520008
68460.0,0.3795129397327434
68520.0,0.37907237393478543
68580.0,0.3786329366881938
68640.0,0.3781946241342767
68700.0,0.37775743243394805
68760.0,0.3773213577648233
68820.0,0.3768863963191227
68880.0,0.3764525443048296
68940.0,0.37601979793703033
69000.0,0.37558815345339785
69060.0,0.3751576071088147
69120.0,0.3747281551714933
69180.0,0.37429979392511925
69240.0,0.3738725196580688
69300.0,0.3734463286826872
69360.0,0.37302121732859406
69420.0,0.3725971819378527
69480.0,0.3721742188676384
69540.0,0.3717523244797474
69600.0,0.3713314951593547
69660.0,0.37091172730850025
69720.0,0.37049301734138823
69780.0,0.370075361686984
69840.0,0.36965875678110693
69900.0,0.369243199079343
69960.0,0.3688286850531641
70020.0,0.36841521118619147
70080.0,0.3680027739759946
70140.0,0.3675913699347892
70200.0,0.3671809955881292
70260.0,0.366771647475217
70320.0,0.3663633221491996
70380.0,0.3659560161769314
70440.0,0.3655497261379094
70500.0,0.36514444862586043
70560.0,0.364740180248189
70620.0,0.3643369176254439
70680.0,0.3639346573914894
70740.0,0.3635333961941169
70800.0,0.3631331306938732
70860.0,0.36273385756432686
70920.0,0.3623355734923227
70980.0,0.36193827517776184
71040.0,0.3615419593341741
71100.0,0.3611466226876246
71160.0,0.3607522619769634
71220.0,0.360358873954065
71280.0,0.35996645538362326
71340.0,0.3595750030431063
71400.0,0.35918451372268534
71460.0,0.3587949842251845
71520.0,0.3584064113660299
71580.0,0.3580187919731922
71640.0,0.35763212288697965
71700.0,0.357246400960231
71760.0,0.35686162305818586
71820.0,0.3564777860583577
71880.0,0.3560948868505134
71940.0,0.3557129223367256
72000.0,0.35533188943113864
72060.0,0.3549517850599656
72120.0,0.3545726061614833
72180.0,0.3541943496859512
72240.0,0.35381701259585074
72300.0,0.3534405918653484
72360.0,0.353065084480385
72420.0,0.35269048743875947
72480.0,0.35231679775000624
72540.0,0.35194401243557394
72600.0,0.3515721285283938
72660.0,0.35120114307294026
72720.0,0.3508310531252874
72780.0,0.35046185575300315
72840.0,0.35009354803520265
72900.0,0.349726127062326
72960.0,0.3493595899361387
73020.0,0.34899393376972954
73080.0,0.3486291556874357
73140.0,0.3482652528248699
73200.0,0.3479022223287434
73260.0,0.34754006135685345
73320.0,0.3471787670780698
73380.0,0.3468183366722667
73440.0,0.34645876733039876
73500.0,0.3461000562542459
73560.0,0.34574220065642497
73620.0,0.3453851977603998
73680.0,0.34502904480040275
73740.0,0.34467373902154247
73800.0,0.3443192776794993
73860.0,0.3439656580405538
73920.0,0.3436128773816115
73980.0,0.3432609329901188
74040.0,0.34290982216415694
74100.0,0.3425595422121634
74160.0,0.34221009045295386
74220.0,0.3418614642157417
74280.0,0.3415136608400581
74340.0,0.34116667767582276
74400.0,0.34082051208310676
74460.0,0.3404751614321433
74520.0,0.34013062310333664
74580.0,0.33978689448718935
74640.0,0.33944397298436874
74700.0,0.33910185600547865
74760.0,0.33876054097106895
74820.0,0.3384200253116431
74880.0,0.33808030646758747
74940.0,0.33774138188924563
75000.0,0.3374032490366797
75060.0,0.3370659053796837
75120.0,0.3367293483977959
75180.0,0.33639357558022714
75240.0,0.33605858442594
75300.0,0.3357243724434047
75360.0,0.3353909371506159
75420.0,0.3350582760751071
75480.0,0.3347263867538793
75540.0,0.3343952667334761
75600.0,0.33406491356974893
75660.0,0.3337353248278724
75720.0,0.33340649808235695
75780.0,0.33307843091698025
75840.0,0.33275112092485676
75900.0,0.3324245657082138
75960.0,0.33209876287840495
76020.0,0.33177371005592105
76080.0,0.33144940487032337
76140.0,0.33112584496031217
76200.0,0.3308030279735074
76260.0,0.33048095156646173
76320.0,0.33015961340467165
76380.0,0.32983901116251163
76440.0,0.3295191425233037
76500.0,0.32920000517909925
76560.0,0.32888159683069285
76620.0,0.32856391518763406
76680.0,0.3282469579681627
76740.0,0.32793072289927766
76800.0,0.32761520771652214
76860.0,0.32730041016399747
76920.0,0.3269863279943752
76980.0,0.3266729589688336
77040.0,0.32636030085712453
77100.0,0.3260483514373641
77160.0,0.3257371084960459
77220.0,0.3254265698280529
77280.0,0.3251167332365951
77340.0,0.32480759653319835
77400.0,0.32449915750873803
77460.0,0.324191413735911
77520.0,0.3238843624208321
77580.0,0.3235780003136973
77640.0,0.32327232440652626
77700.0,0.3229673318787891
77760.0,0.32266301999836655
77820.0,0.3223593861792257
77880.0,0.32205642794269046
77940.0,0.32175414298666266
78000.0,0.32145252901895033
78060.0,0.3211515840031083
78120.0,0.3208513058307146
78180.0,0.3205516926959844
78240.0,0.3202527427769275
78300.0,0.31995445449984666
78360.0,0.31965682627847136
78420.0,0.31935985671086786
78480.0,0.3190635444992239
78540.0,0.31876788843094106
78600.0,0.3184728874402129
78660.0,0.31817854055824935
78720.0,0.3178848468845076
78780.0,0.31759180567537726
78840.0,0.3172994162716767
78900.0,0.31700767808891417
78960.0,0.3167165906852266
79020.0,0.3164261537019329
79080.0,0.3161363668652169
79140.0,0.31584723002662257
79200.0,0.3155587430975127
79260.0,0.31527090569456784
79320.0,0.3149837163554226
79380.0,0.31469717295883465
79440.0,0.3144112733553744
79500.0,0.31412601554809505
79560.0,0.3138413975774194
79620.0,0.3135574174548204
79680.0,0.3132740731817383
79740.0,0.31299136277063294
79800.0,0.31270928424131544
79860.0,0.3124278356198591
79920.0,0.3121470149443465
79980.0,0.31186682025836326
80040.0,0.3115872496141892
80100.0,0.31130830107385554
80160.0,0.31102997270107463
80220.0,0.3107522625954967
80280.0,0.3104751688218887
80340.0,0.310198689444801
80400.0,0.3099228225992359
80460.0,0.3096475663772075
80520.0,0.3093729188551319
80580.0,0.3090988781887416
80640.0,0.3088254425056593
80700.0,0.3085526098985415
80760.0,0.3082803785250324
80820.0,0.30800874655508653
80880.0,0.3077377121263831
80940.0,0.30746727339747865
81000.0,0.3071974284676384
81060.0,0.3069281749966681
81120.0,0.30665950910960027
81180.0,0.3063914261202582
81240.0,0.30612392175769715
81300.0,0.3058569920983161
81360.0,0.30559063338785064
81420.0,0.3053248420394946
81480.0,0.3050596146510718
81540.0,0.3047949480903631
81600.0,0.3045308394711864
81660.0,0.3042672860569537
81720.0,0.3040042853383167
81780.0,0.3037418350296425
81840.0,0.3034799330525773
81900.0,0.3032185775199759
81960.0,0.3029577667534366
82020.0,0.30269749925974215
82080.0,0.30243777374660347
82140.0,0.3021785891131403
82200.0,0.30191994444354364
82260.0,0.30166183902767685
82320.0,0.30140427234572387
82380.0,0.301147244030015
82440.0,0.3008907539412016
82500.0,0.3006348021214233
82560.0,0.30037938874287
82620.0,0.3001245142038714
82680.0,0.29987017908780916
82740.0,0.29961638413341035
82800.0,0.2993631301944162
82860.0,0.29911041784073356
82920.0,0.29885824611646483
82980.0,0.29860661325124366
83040.0,0.29835551754178263
83100.0,0.2981049574306646
83160.0,0.29785493134294705
83220.0,0.2976054376725621
83280.0,0.29735647481415095
83340.0,0.2971080411745085
83400.0,0.2968601351722794
83460.0,0.29661275521986374
83520.0,0.2963658997512871
83580.0,0.2961195671921833
83640.0,0.29587375598718574
83700.0,0.2956284645763042
83760.0,0.2953836914127166
83820.0,0.2951394349620397
83880.0,0.2948956936840333
83940.0,0.29465246602442163
84000.0,0.2944097504754228
84060.0,0.29416754551911933
84120.0,0.2939258496100337
84180.0,0.2936846612588846
84240.0,0.29344397897140223
84300.0,0.29320380121587963
84360.0,0.29296412650940495
84420.0,0.29272495338369675
84480.0,0.2924862803433711
84540.0,0.29224810590945677
84600.0,0.2920104285491396
84660.0,0.2917732463357319
84720.0,0.2915365560095982
84780.0,0.29130035357880835
84840.0,0.291064635402466
84900.0,0.29082939815480935
84960.0,0.29059463868661034
85020.0,0.2903603539417657
85080.0,0.2901265410684091
85140.0,0.2898931974730019
85200.0,0.2896603206501075
85260.0,0.28942790839454396
85320.0,0.2891959585949099
85380.0,0.28896446936359704
85440.0,0.2887334389951912
85500.0,0.2885028659564269
85560.0,0.28827274889379234
85620.0,0.2880430866167214
85680.0,0.2878138781159109
85740.0,0.28758512254378044
85800.0,0.2873568192251365
85860.0,0.28712896764799806
85920.0,0.2869015674795494
85980.0,0.2866746185499086
86040.0,0.2864481208211298
86100.0,0.28622207446359
86160.0,0.28599647980120707
86220.0,0.2857713372633826
86280.0,0.2855466474897779
86340.0,0.28532241127784275
86400.0,0.28509862956594295
86460.0,0.2848753031578899
86520.0,0.28465243077584423
86580.0,0.28443001134100165
86640.0,0.28420804351335666
86700.0,0.28398652598692764
86760.0,0.2837654574648862
86820.0,0.28354483665601893
86880.0,0.2833246622725148
86940.0,0.28310493303312173
87000.0,0.2828856476550828
87060.0,0.28266680486642604
87120.0,0.2824484033917034
87180.0,0.2822304419705166
87240.0,0.2820129193350555
87300.0,0.2817958342362442
87360.0,0.28157918541362
87420.0,0.2813629716429424
87480.0,0.2811471916606074
87540.0,0.2809318442152602
87600.0,0.28071692810743515
87660.0,0.2805024420835774
87720.0,0.2802883849019894
87780.0,0.28007475537854987
87840.0,0.2798615522774889
87900.0,0.27964877436822894
87960.0,0.2794364204664107
88020.0,0.2792244893675
88080.0,0.2790129798672152
88140.0,0.27880189076741063
88200.0,0.27859122081894033
88260.0,0.27838096845078786
88320.0,0.27817113085811795
88380.0,0.2779617046196206
88440.0,0.2777526866104085
88500.0,0.2775440739911197
88560.0,0.2773358640810693
88620.0,0.277128054273396
88680.0,0.2769206421445415
88740.0,0.2767136255104701
88800.0,0.2765070022252789
88860.0,0.2763007704590555
88920.0,0.27609492843354394
88980.0,0.2758894745763635
89040.0,0.27568440747530565
89100.0,0.2754797258751551
89160.0,0.275275428671943
89220.0,0.2750715149176358
89280.0,0.2748679838122033
89340.0,0.2746648347078207
89400.0,0.27446206710714594
89460.0,0.2742596806527851
89520.0,0.27405767514998874
89580.0,0.273856050550295
89640.0,0.273654806933728
89700.0,0.2734539445283966
89760.0,0.2732534637284561
89820.0,0.2730533650557818
89880.0,0.2728536491210662
89940.0,0.27265431674817714
90000.0,0.2724553688798443
90060.0,0.2722568061783343
90120.0,0.2720586280611868
90180.0,0.2718608333468512
90240.0,0.2716634209264694
90300.0,0.2714663897895695
90360.0,0.2712697388984457
90420.0,0.2710734672004999
90480.0,0.2708775736416729
90540.0,0.2706820571771096
90600.0,0.27048691676741965
90660.0,0.2702921513712279
90720.0,0.2700977599597833
90780.0,0.26990374149882507
90840.0,0.2697100949673229
90900.0,0.26951681933870447
90960.0,0.2693239135983529
91020.0,0.26913137673316606
91080.0,0.26893920773801283
91140.0,0.2687474055885854
91200.0,0.26855596927781455
91260.0,0.2683648978307308
91320.0,0.26817419022330347
91380.0,0.26798384544886183
91440.0,0.2677938625608763
91500.0,0.2676042405405607
91560.0,0.26741497839251055
91620.0,0.2672260751553255
91680.0,0.26703752985437457
91740.0,0.2668493415095683
91800.0,0.2666615091484767
91860.0,0.2664740318019692
91920.0,0.2662869085072419
91980.0,0.26610013830347706
92040.0,0.2659137202332608
92100.0,0.26572765334193876
92160.0,0.2655419366787211
92220.0,0.2653565692963646
92280.0,0.2651715502508372
92340.0,0.26498687860148606
92400.0,0.2648025534072732
92460.0,0.2646185737349393
92520.0,0.2644349386532408
92580.0,0.2642516472340355
92640.0,0.26406869855200193
92700.0,0.2638860916819821
92760.0,0.26370382570655343
92820.0,0.263521899709753
92880.0,0.26334031277878855
92940.0,0.26315906400334965
93000.0,0.26297815247541595
93060.0,0.26279757729203884
93120.0,0.26261733755256056
93180.0,0.2624374323594334
93240.0,0.2622578608173639
93300.0,0.2620786220343686
93360.0,0.2618997151223368
93420.0,0.2617211391957876
93480.0,0.2615428933723113
93540.0,0.26136497677145504
93600.0,0.2611873885160975
93660.0,0.2610101277331814
93720.0,0.2608331935520954
93780.0,0.2606565851052485
93840.0,0.2604803015267043
93900.0,0.26030434195386604
93960.0,0.2601287055283745
94020.0,0.25995339139412466
94080.0,0.25977839869796954
94140.0,0.2596037265883496
94200.0,0.259429374216984
94260.0,0.2592553407397715
94320.0,0.2590816253148004
94380.0,0.2589082271030544
94440.0,0.25873514526715224
94500.0,0.258562378972903
94560.0,0.2583899273901355
94620.0,0.25821778969086684
94680.0,0.2580459650499524
94740.0,0.25787445264389675
94800.0,0.2577032516523207
94860.0,0.2575323612587435
94920.0,0.25736178064885545
94980.0,0.257191509011131
95040.0,0.25702154553565376
95100.0,0.2568518894155661
95160.0,0.25668253984784206
95220.0,0.2565134960315807
95280.0,0.25634475716861155
95340.0,0.25617632246317373
95400.0,0.2560081910765169
95460.0,0.25584036184758646
95520.0,0.25567283274976804
95580.0,0.25550560132459554
95640.0,0.2553386650981466
95700.0,0.2551720219111634
95760.0,0.2550056697912558
95820.0,0.2548396068754238
95880.0,0.25467383135015237
95940.0,0.2545083416347068
96000.0,0.2543431361276293
96060.0,0.254178213481905
96120.0,0.25401357245886896
96180.0,0.25384921194656057
96240.0,0.25368513092641304
96300.0,0.25352132853788845
96360.0,0.2533578040402796
96420.0,0.2531945568236853
96480.0,0.2530315863838214
96540.0,0.2528688923548673
96600.0,0.2527064744740455
96660.0,0.2525443326051269
96720.0,0.25238246672648507
96780.0,0.252220876932823
96840.0,0.25205956343209474
96900.0,0.2518985265481575
96960.0,0.25173776672973314
97020.0,0.2515772845391317
97080.0,0.2514170806364988
97140.0,0.25125715579987773
97200.0,0.2510975109185853
97260.0,0.25093814667194236
97320.0,0.2507790626945313
97380.0,0.25062025819911843
97440.0,0.2504617324887775
97500.0,0.25030348486365384
97560.0,0.2501455146156242
97620.0,0.24998782103981093
97680.0,0.2498304034264483
97740.0,0.24967326107619622
97800.0,0.24951639328597874
97860.0,0.24935979936116504
97920.0,0.2492034786067024
97980.0,0.2490474303311219
98040.0,0.24889165384471618
98100.0,0.24873614845866363
98160.0,0.24858091349552272
98220.0,0.24842594826209755
98280.0,0.24827125207059836
98340.0,0.2481168242605984
98400.0,0.24796266414196946
98460.0,0.2478087710312482
98520.0,0.2476551442690895
98580.0,0.24750178318574467
98640.0,0.24734868709922692
98700.0,0.24719585534765331
98760.0,0.24704328728115568
98820.0,0.24689098222085565
98880.0,0.2467389395069933
98940.0,0.24658715852205262
99000.0,0.24643563857581732
99060.0,0.24628437900660802
99120.0,0.24613337915274536
99180.0,0.24598263838191547
99240.0,0.24583215608296835
99300.0,0.2456819315691797
99360.0,0.24553196418776715
99420.0,0.24538225328594837
99480.0,0.24523279826671315
99540.0,0.2450835985024269
99600.0,0.24493465332378359
99660.0,0.2447859620880856
99720.0,0.2446375241526352
99780.0,0.24448933893833805
99840.0,0.2443414058052125
99900.0,0.2441937241190809
99960.0,0.24404629325710375
100020.0,0.24389911259829705
100080.0,0.2437521815173753
100140.0,0.2436054993997126
100200.0,0.24345906562941577
100260.0,0.243312879592526
100320.0,0.2431669406771527
100380.0,0.24302124827696792
100440.0,0.24287580178271523
100500.0,0.24273060058897872
100560.0,0.24258564409236597
100620.0,0.24244093169141942
100680.0,0.24229646278430256
100740.0,0.2421522367744223
100800.0,0.24200825306594678
100860.0,0.2418645110650087
100920.0,0.24172101017955064
100980.0,0.2415777498152849
101040.0,0.2414347293855107
101100.0,0.2412919483032878
101160.0,0.24114940598353765
101220.0,0.24100710184297006
101280.0,0.24086503529816713
101340.0,0.24072320577023887
101400.0,0.24058161268111172
101460.0,0.24044025545452505
101520.0,0.24029913351601573
101580.0,0.24015824629252092
101640.0,0.24001759321334362
101700.0,0.23987717370938286
101760.0,0.2397369872133404
101820.0,0.23959703315969716
101880.0,0.2394573109840974
101940.0,0.23931782012484498
102000.0,0.23917856002171065
102060.0,0.23903953011625206
102120.0,0.23890072985176422
102180.0,0.23876215867197934
102240.0,0.2386238160242258
102300.0,0.23848570135690988
102360.0,0.23834781412019174
102420.0,0.2382101537659278
102480.0,0.23807271974616373
102540.0,0.23793551151679626
102600.0,0.23779852853465397
102660.0,0.23766177025828103
102720.0,0.23752523614789642
102780.0,0.23738892566426753
102840.0,0.23725283827127616
102900.0,0.23711697343391971
102960.0,0.23698133061882978
103020.0,0.2368459092942724
103080.0,0.23671070893033744
103140.0,0.23657572899848522
103200.0,0.23644096897188768
103260.0,0.23630642832533125
103320.0,0.23617210653520726
103380.0,0.23603800307939296
103440.0,0.2359041174375043
103500.0,0.23577044909068906
103560.0,0.23563699752167344
103620.0,0.2355037622147582
103680.0,0.23537074265587282
103740.0,0.2352379383324312
103800.0,0.23510534873343303
103860.0,0.23497297334942951
103920.0,0.23484081167251952
103980.0,0.23470886319639853
104040.0,0.23457712741622777
104100.0,0.2344456038287258
104160.0,0.23431429193213713
104220.0,0.2341831912262268
104280.0,0.23405230121227358
104340.0,0.23392162139306638
104400.0,0.23379115127289737
104460.0,0.23366089008081875
104520.0,0.2335308363097923
104580.0,0.23340098806208673
104640.0,0.23327134362521693
104700.0,0.23314190150205133
104760.0,0.23301266023898293
104820.0,0.23288361845817654
104880.0,0.23275477488321022
104940.0,0.23262612835725988
105000.0,0.23249767783988803
105060.0,0.23236942242642733
105120.0,0.23224136116273025
105180.0,0.232113493370057
105240.0,0.23198581826551554
105300.0,0.23185833538254952
105360.0,0.2317310441234493
105420.0,0.23160394424056535
105480.0,0.2314770353920902
105540.0,0.2313503173814169
105600.0,0.23122379012579863
105660.0,0.23109745362306194
105720.0,0.23097130796661175
105780.0,0.23084535335262146
105840.0,0.23071959004733317
105900.0,0.2305940184113044
105960.0,0.2304686389110084
106020.0,0.23034345207741594
106080.0,0.23021845853459524
106140.0,0.2300936590064784
106200.0,0.22996905421860836
106260.0,0.2298446448267368
106320.0,0.22972043079074403
106380.0,0.2295964116154212
106440.0,0.2294725867247258
106500.0,0.22934895569125283
106560.0,0.22922551810827668
106620.0,0.22910227351610438
106680.0,0.22897922148107683
106740.0,0.2288563615512571
106800.0,0.22873369328513476
106860.0,0.22861121623917968
106920.0,0.228488929975944
106980.0,0.22836683405746944
107040.0,0.2282449280502905
107100.0,0.2281232115133304
107160.0,0.22800168401365806
107220.0,0.22788034512340835
107280.0,0.22775919440351397
107340.0,0.22763823142534267
107400.0,0.22751745576570953
107460.0,0.2273968669888547
107520.0,0.22727646467019888
107580.0,0.2271562483902873
107640.0,0.22703621771726487
107700.0,0.22691637223622846
107760.0,0.22679671153428865
107820.0,0.2266772351770361
107880.0,0.2265579427404377
107940.0,0.22643883380046032
108000.0,0.22631990794398432
108060.0,0.22620116485117792
108120.0,0.22608260376889547
108180.0,0.22596422453328965
108240.0,0.22584602659853953
108300.0,0.22572800989737393
108360.0,0.2256101736933114
108420.0,0.22549251772547893
108480.0,0.22537504161695252
108540.0,0.2252577449732162
108600.0,0.22514062735353385
108660.0,0.22502368834334063
108720.0,0.22490692754230926
108780.0,0.2247903445314063
108840.0,0.2246739389020429
108900.0,0.22455771025462898
108960.0,0.2244416581955258
109020.0,0.22432578231444242
109080.0,0.22421008225609457
109140.0,0.22409455760154887
109200.0,0.22397920794824505
109260.0,0.22386403289732304
109320.0,0.22374903205179475
109380.0,0.22363420507708934
109440.0,0.22351955154571326
109500.0,0.2234050710651583
109560.0,0.22329076324291625
109620.0,0.22317662769475569
109680.0,0.2230626640802302
109740.0,0.22294887198278013
109800.0,0.22283525101590826
109860.0,0.22272180079311735
109920.0,0.22260852093856245
109980.0,0.22249541109941065
110040.0,0.22238247088096505
110100.0,0.22226969990695902
110160.0,0.22215709780224996
110220.0,0.22204466419136487
110280.0,0.2219323986990092
110340.0,0.22182030095398347
110400.0,0.2217083705847494
110460.0,0.22159660722079808
110520.0,0.22148501049369052
110580.0,0.2213735800366938
110640.0,0.22126231548197878
110700.0,0.22115121646379246
110760.0,0.221040282617479
110820.0,0.22092951357921417
110880.0,0.2208189089860984
110940.0,0.22070846847687148
111000.0,0.22059819169110328
111060.0,0.22048807826944358
111120.0,0.22037812785278243
111180.0,0.22026834008254378
111240.0,0.2201587146029466
111300.0,0.22004925105844514
111360.0,0.21993994909451892
111420.0,0.2198308083572154
111480.0,0.21972182849331007
111540.0,0.2196130091515375
111600.0,0.21950434998119764
111660.0,0.21939585063258585
111720.0,0.21928751075690203
111780.0,0.21917933000628234
111840.0,0.21907130803404423
111900.0,0.21896344449440916
111960.0,0.21885573904258804
112020.0,0.21874819133468595
112080.0,0.21864080102773548
112140.0,0.2185335677799536
112200.0,0.21842649125045097
112260.0,0.2183195710993214
112320.0,0.21821280698740178
112380.0,0.218106198576356
112440.0,0.2179997455293223
112500.0,0.21789344751018042
112560.0,0.21778730418377784
112620.0,0.21768131521562914
112680.0,0.21757548027202128
112740.0,0.2174697990208227
112800.0,0.21736427113056722
112860.0,0.21725889627073686
112920.0,0.21715367411154138
112980.0,0.21704860432394527
113040.0,0.21694368658028404
113100.0,0.21683892055360413
113160.0,0.21673430591785645
113220.0,0.21662984234793403
113280.0,0.21652552951966358
113340.0,0.2164213671096867
113400.0,0.2163173547955799
113460.0,0.21621349225581463
113520.0,0.21610977916973548
113580.0,0.21600621521755967
113640.0,0.21590280008042767
113700.0,0.21579953344034297
113760.0,0.21569641498018619
113820.0,0.2155934443837234
113880.0,0.2154906213356018
113940.0,0.21538794552131357
114000.0,0.2152854166272279
114060.0,0.21518303434057756
114120.0,0.21508079834946472
114180.0,0.21497870834285696
114240.0,0.21487676401055947
114300.0,0.21477496504323862
114360.0,0.21467331113241123
114420.0,0.21457180197044057
114480.0,0.2144704372505336
114540.0,0.21436921666674155
114600.0,0.21426813991395338
114660.0,0.2141672066878942
114720.0,0.2140664166851206
114780.0,0.2139657696030181
114840.0,0.21386526513980286
114900.0,0.21376490299451387
114960.0,0.21366468286701165
115020.0,0.21356460445797895
115080.0,0.21346466746891757
115140.0,0.213364871602135
115200.0,0.21326521656075256
115260.0,0.21316570204869956
115320.0,0.2130663277707164
115380.0,0.21296709343235118
115440.0,0.2128679987399394
115500.0,0.21276904340061975
115560.0,0.21267022712232594
115620.0,0.21257154961378835
115680.0,0.21247301058453072
115740.0,0.2123746097448551
115800.0,0.21227634680585233
115860.0,0.21217822147939563
115920.0,0.21208023347813992
115980.0,0.21198238251551918
116040.0,0.21188466830573718
116100.0,0.21178709056377196
116160.0,0.21168964900537082
116220.0,0.21159234334705018
116280.0,0.2114951733060926
116340.0,0.21139813860053802
116400.0,0.21130123894918773
116460.0,0.21120447407159987
116520.0,0.21110784368808982
116580.0,0.21101134751972758
116640.0,0.21091498528832608
116700.0,0.21081875671644812
116760.0,0.21072266152740113
116820.0,0.21062669944523796
116880.0,0.2105308701947541
116940.0,0.21043517350147528
117000.0,0.2103396090916654
117060.0,0.210244176692321
117120.0,0.21014887603117183
117180.0,0.210053706836678
117240.0,0.2099586688380189
117300.0,0.2098637617650999
117360.0,0.20976898534854735
117420.0,0.2096743393197086
117480.0,0.20957982341064949
117540.0,0.20948543735414418
117600.0,0.20939118088368094
117660.0,0.20929705373345733
117720.0,0.20920305563838046
117780.0,0.20910918633406414
117840.0,0.20901544555681942
117900.0,0.20892183304365988
117960.0,0.20882834853229698
118020.0,0.20873499176114052
118080.0,0.20864176246929603
118140.0,0.2085486603965545
118200.0,0.20845568528339853
118260.0,0.20836283687099744
118320.0,0.20827011490120784
118380.0,0.20817751911657087
118440.0,0.2080850492603023
118500.0,0.20799270507629847
118560.0,0.20790048630913152
118620.0,0.2078083927040498
118680.0,0.2077164240069754
118740.0,0.20762457996449438
118800.0,0.2075328603238625
118860.0,0.20744126483300065
118920.0,0.20734979324049518
118980.0,0.20725844529559542
119040.0,0.2071672207482042
119100.0,0.2070761193488835
119160.0,0.20698514084884984
119220.0,0.2068942849999746
119280.0,0.20680355155478156
119340.0,0.20671294026643794
119400.0,0.2066224508887595
119460.0,0.20653208317620622
119520.0,0.2064418368838827
119580.0,0.2063517117675357
119640.0,0.20626170758354506
119700.0,0.20617182408892903
119760.0,0.20608206104134
119820.0,0.20599241819906472
119880.0,0.20590289532102207
119940.0,0.20581349216675404
120000.0,0.20572420849643103
120060.0,0.2056350440708475
120120.0,0.20554599865142248
120180.0,0.205457072000197
120240.0,0.20536826387982557
120300.0,0.20527957405358122
120360.0,0.2051910022853513
120420.0,0.20510254833963784
120480.0,0.20501421198155523
120540.0,0.20492599297682174
120600.0,0.2048378910917644
120660.0,0.20474990609331506
120720.0,0.2046620377490106
120780.0,0.2045742858269906
120840.0,0.20448665009598932
120900.0,0.2043991303253401
120960.0,0.2043117262849717
121020.0,0.20422443774540858
121080.0,0.20413726447776837
121140.0,0.2040502062537541
121200.0,0.20396326284565883
121260.0,0.20387643402636152
121320.0,0.20378971956932757
121380.0,0.20370311924860646
121440.0,0.20361663283882397
121500.0,0.20353026011518663
121560.0,0.20344400085347789
121620.0,0.20335785483005853
121680.0,0.20327182182186443
121740.0,0.20318590160639868
121800.0,0.20310009396173626
121860.0,0.20301439866652013
121920.0,0.20292881549996158
121980.0,0.20284334424183809
122040.0,0.2027579846724857
122100.0,0.20267273657280346
122160.0,0.20258759972424958
122220.0,0.2025025739088419
122280.0,0.20241765890915575
122340.0,0.2023328545083163
122400.0,0.20224816049000313
122460.0,0.20216357663844642
122520.0,0.20207910273842727
122580.0,0.2019947385752757
122640.0,0.20191048393486322
122700.0,0.20182633860360713
122760.0,0.2017423023684669
122820.0,0.20165837501694456
122880.0,0.20157455633708246
122940.0,0.2014908461174563
123000.0,0.20140724414717912
123060.0,0.20132375021589788
123120.0,0.2012403641137937
123180.0,0.20115708563157983
123240.0,0.2010739145604947
123300.0,0.20099085069230582
123360.0,0.20090789381930657
123420.0,0.20082504373431623
123480.0,0.2007423002306781
123540.0,0.20065966310225272
123600.0,0.2005771321434216
123660.0,0.20049470714908407
123720.0,0.20041238791465738
123780.0,0.2003301742360748
123840.0,0.20024806590977898
123900.0,0.20016606273272564
123960.0,0.20008416450238045
124020.0,0.20000237101671772
124080.0,0.1999206820742202
124140.0,0.19983909747370643
124200.0,0.1997576170142103
124260.0,0.19967624027457903
124320.0,0.19959496649991035
124380.0,0.1995137946222451
124440.0,0.19943272362754863
124500.0,0.199351752656465
124560.0,0.19927088093780557
124620.0,0.19919010772573348
124680.0,0.19910943232146497
124740.0,0.19902885407972015
124800.0,0.1989483724380527
124860.0,0.19886798690083798
124920.0,0.1987876970307464
124980.0,0.1987075024515751
125040.0,0.1986274028438099
125100.0,0.19854739794836251
125160.0,0.1984674875647986
125220.0,0.19838767155572512
125280.0,0.19830794983992356
125340.0,0.1982283223966547
125400.0,0.19814878926467422
125460.0,0.19806935054113387
125520.0,0.19799000637838263
125580.0,0.19791075699114122
125640.0,0.19783160264566876
125700.0,0.1977525436689707
125760.0,0.19767358044065317
125820.0,0.19759471339470508
125880.0,0.19751594303067585
125940.0,0.19743726990160226
126000.0,0.19735869456342311
126060.0,0.19728021740172497
126120.0,0.19720183869337893
126180.0,0.1971235582142372
126240.0,0.19704537569183656
126300.0,0.1969672908770532
126360.0,0.19688930359665552
126420.0,0.19681141369780691
126480.0,0.1967336210085874
126540.0,0.19665592533321022
126600.0,0.19657832649570403
126660.0,0.19650082430839508
126720.0,0.196423418589296
126780.0,0.19634610915770867
126840.0,0.19626889583134946
126900.0,0.1961917784318498
126960.0,0.1961147567793326
127020.0,0.19603783069710928
127080.0,0.19596100000335706
127140.0,0.1958842645182881
127200.0,0.19580762406582594
127260.0,0.19573107847112772
127320.0,0.19565462755289284
127380.0,0.1955782711326727
127440.0,0.19550200903816375
127500.0,0.19542584109491284
127560.0,0.19534976712333488
127620.0,0.19527378694662798
127680.0,0.1951979003961345
127740.0,0.195122107296791
127800.0,0.19504640747147337
127860.0,0.19497080074508658
127920.0,0.19489528695615382
127980.0,0.19481986592617692
128040.0,0.19474453747998002
128100.0,0.1946693014439436
128160.0,0.19459415764444812
128220.0,0.19451910592580962
128280.0,0.19444414610992658
128340.0,0.19436927802307308
128400.0,0.19429450149357286
128460.0,0.19421981634974972
128520.0,0.19414522243943094
128580.0,0.19407071958606645
128640.0,0.19399630761786435
128700.0,0.1939219863652616
128760.0,0.19384775565869516
128820.0,0.19377361534387585
128880.0,0.19369956525007087
128940.0,0.19362560520978117
129000.0,0.1935517350575604
129060.0,0.19347795462837936
129120.0,0.19340426375646858
129180.0,0.19333066227772183
129240.0,0.19325715002820495
129300.0,0.1931837268442455
129360.0,0.1931103925625565
129420.0,0.19303714702097102
129480.0,0.1929639900570776
129540.0,0.1928909215089608
129600.0,0.1928179412152022
129660.0,0.19274504906141846
129720.0,0.1926722447648004
129780.0,0.1925995281026777
129840.0,0.19252689916082796
129900.0,0.19245435750927395
129960.0,0.19238190329158475
130020.0,0.19230953618897653
130080.0,0.1922372560338453
130140.0,0.19216506271562156
130200.0,0.19209295608457608
130260.0,0.19202093598723097
130320.0,0.19194900226298808
130380.0,0.1918771547297182
130440.0,0.1918053932427206
130500.0,0.19173371764357397
130560.0,0.19166212776917313
130620.0,0.19159062346151517
130680.0,0.19151920456153174
130740.0,0.19144787091728782
130800.0,0.19137662237752928
130860.0,0.19130545878168026
130920.0,0.19123437997627038
130980.0,0.19116338582527087
131040.0,0.19109247616253128
131100.0,0.19102165083383083
131160.0,0.19095090968494885
131220.0,0.19088025256460772
131280.0,0.19080967933878876
131340.0,0.19073918984366697
131400.0,0.1906687839272222
131460.0,0.19059846143743425
131520.0,0.19052822222483437
131580.0,0.19045806615491542
131640.0,0.19038799306733134
131700.0,0.19031800281196964
131760.0,0.19024809523871783
131820.0,0.1901782701997815
131880.0,0.1901085275609602
131940.0,0.19003886716457663
132000.0,0.1899692888622516
132060.0,0.18989979250560582
132120.0,0.18983037794797547
132180.0,0.1897610450538726
132240.0,0.18969179367125202
132300.0,0.18962262365483348
132360.0,0.18955353485967533
132420.0,0.18948452714109768
132480.0,0.18941560035425972
132540.0,0.1893467543553993
132600.0,0.18927798900079043
132660.0,0.1892093041470306
132720.0,0.18914069965118685
132780.0,0.18907217537160226
132840.0,0.1890037311655321
132900.0,0.18893536689113166
132960.0,0.1888670824069085
133020.0,0.18879887757168243
133080.0,0.18873075224436425
133140.0,0.18866270628460413
133200.0,0.18859473955224632
133260.0,0.18852685190747948
133320.0,0.18845904321073337
133380.0,0.18839131332210954
133440.0,0.18832366210305035
133500.0,0.18825608941493543
133560.0,0.18818859511946845
133620.0,0.18812117907863155
133680.0,0.18805384115443513
133740.0,0.18798658120965184
133800.0,0.18791939910719924
133860.0,0.1878522947103099
133920.0,0.18778526788253308
133980.0,0.18771831848774342
134040.0,0.18765144639011522
134100.0,0.18758465145414405
134160.0,0.1875179335446409
134220.0,0.18745129252673018
134280.0,0.18738472826583916
134340.0,0.1873182406277289
134400.0,0.18725182947846833
134460.0,0.18718549468444132
134520.0,0.187119236112325
134580.0,0.18705305362896996
134640.0,0.18698694710175137
134700.0,0.18692091639827382
134760.0,0.18685496138645244
134820.0,0.18678908193448418
134880.0,0.18672327791068782
134940.0,0.18665754918397257
135000.0,0.186591895623444
135060.0,0.18652631709851264
135120.0,0.18646081347886945
135180.0,0.1863953846343501
135240.0,0.18633003043533253
135300.0,0.18626475075240279
135360.0,0.18619954545644696
135420.0,0.1861344144186314
135480.0,0.18606935751029355
135540.0,0.1860043746032622
135600.0,0.18593946556958804
135660.0,0.18587463028161808
135720.0,0.18580986861197632
135780.0,0.18574518043345853
135840.0,0.18568056561934113
135900.0,0.1856160240431213
135960.0,0.18555155557858874
136020.0,0.1854871600998053
136080.0,0.1854228374809932
136140.0,0.18535858759686272
136200.0,0.18529441032233665
136260.0,0.18523030553262618
136320.0,0.1851662731032103
136380.0,0.1851023129097215
136440.0,0.18503842482828062
136500.0,0.1849746087352151
136560.0,0.1849108645071369
136620.0,0.18484719202092603
136680.0,0.18478359115363263
136740.0,0.1847200617827392
136800.0,0.18465660378594592
136860.0,0.18459321704122766
136920.0,0.18452990142683454
136980.0,0.18446665682129917
137040.0,0.18440348310341426
137100.0,0.18434038015224952
137160.0,0.18427734784714622
137220.0,0.18421438606771445
137280.0,0.18415149469382108
137340.0,0.18408867360561956
137400.0,0.1840259226835241
137460.0,0.18396324180821574
137520.0,0.18390063086064287
137580.0,0.1838380897220295
137640.0,0.18377561827385028
137700.0,0.18371321639784946
137760.0,0.1836508839760348
137820.0,0.18358862089067793
137880.0,0.1835264270243206
137940.0,0.18346430225975538
138000.0,0.18340224648004003
138060.0,0.18334025956849279
138120.0,0.18327834140869143
138180.0,0.18321649188447134
138240.0,0.18315471087992818
138300.0,0.18309299827941444
138360.0,0.18303135396753942
138420.0,0.18296977782916815
138480.0,0.18290826974941807
138540.0,0.18284682961366527
138600.0,0.18278545730753823
138660.0,0.1827241527169184
138720.0,0.1826629157279398
138780.0,0.1826017462269895
138840.0,0.18254064410070361
138900.0,0.18247960923596931
138960.0,0.18241864151992332
139020.0,0.18235774083995174
139080.0,0.18229690708369273
139140.0,0.18223614013902684
139200.0,0.1821754398940836
139260.0,0.18211480623723886
139320.0,0.18205423905711443
139380.0,0.18199373824258003
139440.0,0.18193330368274585
139500.0,0.18187293526696735
139560.0,0.18181263288484314
139620.0,0.18175239642621438
139680.0,0.18169222578116487
139740.0,0.1816321208400184
139800.0,0.18157208149333973
139860.0,0.18151210763193346
139920.0,0.18145219914684343
139980.0,0.18139235592935277
140040.0,0.18133257787098145
140100.0,0.1812728648634872
140160.0,0.18121321679886424
140220.0,0.18115363356934294
140280.0,0.18109411506739043
140340.0,0.18103466118570652
140400.0,0.1809752718172259
140460.0,0.1809159468551166
140520.0,0.1808566861927798
140580.0,0.18079748972385057
140640.0,0.18073835734219312
140700.0,0.18067928894190352
140760.0,0.18062028441730826
140820.0,0.18056134366296367
140880.0,0.18050246657365682
140940.0,0.18044365304440116
141000.0,0.18038490297043883
141060.0,0.18032621624723927
141120.0,0.18026759277049886
141180.0,0.18020903243614123
141240.0,0.18015053514031384
141300.0,0.18009210077938972
141360.0,0.18003372924996613
141420.0,0.17997542044886422
141480.0,0.17991717427312948
141540.0,0.17985899062002816
141600.0,0.17980086938704914
141660.0,0.17974281047190266
141720.0,0.17968481377251974
141780.0,0.17962687918705297
141840.0,0.1795690066138727
141900.0,0.17951119595156886
141960.0,0.17945344709894992
142020.0,0.1793957599550423
142080.0,0.17933813441909108
142140.0,0.1792805703905561
142200.0,0.179223067769114
142260.0,0.1791656264546571
142320.0,0.17910824634729278
142380.0,0.17905092734734407
142440.0,0.17899366935534614
142500.0,0.17893647227204812
142560.0,0.17887933599841185
142620.0,0.17882226043561153
142680.0,0.1787652454850341
142740.0,0.178708291048276
142800.0,0.17865139702714472
142860.0,0.17859456332365767
142920.0,0.17853778984004187
142980.0,0.17848107647873432
143040.0,0.17842442314237872
143100.0,0.1783678297338271
143160.0,0.17831129615613872
143220.0,0.17825482231257966
143280.0,0.17819840810662335
143340.0,0.17814205344194706
143400.0,0.1780857582224338
143460.0,0.17802952235217107
143520.0,0.1779733457354505
143580.0,0.17791722827676837
143640.0,0.17786116988082215
143700.0,0.17780517045251237
143760.0,0.17774922989694147
143820.0,0.17769334811941329
143880.0,0.17763752502543365
143940.0,0.177581760520707
144000.0,0.17752605451113831
144060.0,0.17747040690283164
144120.0,0.17741481760208996
144180.0,0.17735928651541558
144240.0,0.17730381354950694
144300.0,0.1772483986112603
144360.0,0.17719304160776844
144420.0,0.17713774244632063
144480.0,0.17708250103440276
144540.0,0.17702731727969437
144600.0,0.1769721910900702
144660.0,0.17691712237359916
144720.0,0.17686211103854388
144780.0,0.17680715699336125
144840.0,0.17675226014669923
144900.0,0.1766974204073985
144960.0,0.1766426376844914
145020.0,0.1765879118872015
145080.0,0.17653324292494413
145140.0,0.17647863070732328
145200.0,0.1764240751441331
145260.0,0.176369576145357
145320.0,0.17631513362116719
145380.0,0.17626074748192513
145440.0,0.17620641763817851
145500.0,0.17615214400066287
145560.0,0.1760979264803004
145620.0,0.1760437649881998
145680.0,0.17598965943565653
145740.0,0.1759356097341499
145800.0,0.17588161579534473
145860.0,0.17582767753109008
145920.0,0.17577379485341907
145980.0,0.17571996767454934
146040.0,0.17566619590687996
146100.0,0.17561247946299308
146160.0,0.1755588182556528
146220.0,0.17550521219780502
146280.0,0.17545166120257757
146340.0,0.17539816518327764
146400.0,0.17534472405339305
146460.0,0.1752913377265913
146520.0,0.17523800611671936
146580.0,0.1751847291378038
146640.0,0.17513150670404837
146700.0,0.175078338729835
146760.0,0.17502522512972316
146820.0,0.1749721658184494
146880.0,0.17491916071092775
146940.0,0.1748662097222469
147000.0,0.17481331276767179
147060.0,0.17476046976264245
147120.0,0.17470768062277378
147180.0,0.1746549452638559
147240.0,0.1746022636018515
147300.0,0.17454963555289707
147360.0,0.17449706103330223
147420.0,0.17444453995954906
147480.0,0.1743920722482928
147540.0,0.174339657816359
147600.0,0.17428729658074488
147660.0,0.17423498845861846
147720.0,0.17418273336731824
147780.0,0.17413053122435357
147840.0,0.17407838194740197
147900.0,0.1740262854543105
147960.0,0.17397424166309494
148020.0,0.17392225049193932
148080.0,0.17387031185919635
148140.0,0.17381842568338488
148200.0,0.17376659188319113
148260.0,0.1737148103774679
148320.0,0.17366308108523412
148380.0,0.17361140392567545
148440.0,0.17355977881814139
148500.0,0.17350820568214687
148560.0,0.1734566844373712
148620.0,0.17340521500365783
148680.0,0.17335379730101472
148740.0,0.1733024312496118
148800.0,0.17325111676978222
148860.0,0.17319985378202157
148920.0,0.17314864220698745
148980.0,0.17309748196549993
149040.0,0.173046372978539
149100.0,0.17299531516724592
149160.0,0.17294430845292227
149220.0,0.1728933527570297
149280.0,0.17284244800119028
149340.0,0.17279159410718403
149400.0,0.17274079099695022
149460.0,0.17269003859258641
149520.0,0.17263933681634827
149580.0,0.17258868559064988
149640.0,0.17253808483806132
149700.0,0.17248753448130993
149760.0,0.17243703444327943
149820.0,0.17238658464700962
149880.0,0.17233618501569675
149940.0,0.1722858354726912
150000.0,0.17223553594149857
150060.0,0.17218528634577895
150120.0,0.17213508660934662
150180.0,0.17208493665617036
150240.0,0.17203483641037115
150300.0,0.17198478579622326
150360.0,0.17193478473815357
150420.0,0.1718848331607412
150480.0,0.17183493098871794
150540.0,0.17178507814696575
150600.0,0.17173527456051815
150660.0,0.17168552015455935
150720.0,0.1716358148544239
150780.0,0.1715861585855971
150840.0,0.1715365512737127
150900.0,0.17148699284455404
150960.0,0.1714374832240533
151020.0,0.17138802233829115
151080.0,0.17133861011349671
151140.0,0.1712892464760466
151200.0,0.17123993135246485
151260.0,0.171190664699633
151320.0,0.1711414463760922
151380.0,0.17109227627954166
151440.0,0.17104315437697695
151500.0,0.17099408069739214
151560.0,0.1709450549672315
151620.0,0.1708960773103066
151680.0,0.17084714764333236
151740.0,0.17079826577451387
151800.0,0.17074943169763127
151860.0,0.17070064534878923
151920.0,0.17065190665798607
151980.0,0.1706032155553474
152040.0,0.17055457197199492
152100.0,0.1705059758256342
152160.0,0.17045742703943573
152220.0,0.17040892554781145
152280.0,0.1703604712787715
152340.0,0.17031206415939015
152400.0,0.17026370411590028
152460.0,0.17021539107699687
152520.0,0.17016712497032765
152580.0,0.17011890572492777
152640.0,0.17007073327743272
152700.0,0.17002260755214768
152760.0,0.169974528478027
152820.0,0.16992649598402484
152880.0,0.16987851001089102
152940.0,0.16983057048295822
153000.0,0.1697826773299017
153060.0,0.1697348304818108
153120.0,0.1696870298687747
153180.0,0.16963927543007715
153240.0,0.16959156709220505
153300.0,0.16954390478580963
153360.0,0.169496288441865
153420.0,0.16944871799134514
153480.0,0.1694011933723164
153540.0,0.169353714512974
153600.0,0.16930628134472553
153660.0,0.16925889379922746
153720.0,0.1692115518081363
153780.0,0.1691642553083176
153840.0,0.16911700423023848
153900.0,0.1690697985065094
153960.0,0.16902263807003792
154020.0,0.16897552285385722
154080.0,0.1689284527909868
154140.0,0.16888142781474305
154200.0,0.1688344478585106
154260.0,0.16878751285579183
154320.0,0.16874062274021143
154380.0,0.1686937774461001
154440.0,0.1686469769071938
154500.0,0.16860022105759104
154560.0,0.16855350983154588
154620.0,0.16850684316344874
154680.0,0.16846022098776267
154740.0,0.1684136432391654
154800.0,0.1683671098524449
154860.0,0.16832062076252177
154920.0,0.1682741759044515
154980.0,0.16822777521309726
155040.0,0.16818141862385894
155100.0,0.1681351060721366
155160.0,0.16808883749344658
155220.0,0.16804261282343205
155280.0,0.1679964319977065
155340.0,0.16795029495220284
155400.0,0.16790420162291647
155460.0,0.16785815194596077
155520.0,0.1678121458575723
155580.0,0.16776618329411966
155640.0,0.1677202641920838
155700.0,0.1676743884880724
155760.0,0.16762855611881683
155820.0,0.16758276702117184
155880.0,0.16753702113212524
155940.0,0.16749131838877634
156000.0,0.16744565872835185
156060.0,0.1674000420882024
156120.0,0.16735446840580218
156180.0,0.16730893761869467
156240.0,0.16726344966461376
156300.0,0.16721800448139457
156360.0,0.16717260200699272
156420.0,0.16712724217948616
156480.0,0.16708192493699273
156540.0,0.1670366502178538
156600.0,0.16699141796049916
156660.0,0.16694622810347612
156720.0,0.16690108058545242
156780.0,0.16685597534514557
156840.0,0.16681091232148001
156900.0,0.16676589145347145
156960.0,0.16672091268025194
157020.0,0.1666759759410721
157080.0,0.16663108117524675
157140.0,0.16658622832227618
157200.0,0.16654141732175692
157260.0,0.16649664811340104
157320.0,0.16645192063703781
157380.0,0.1664072348325625
157440.0,0.1663625906400508
157500.0,0.16631798799967448
157560.0,0.16627342685171978
157620.0,0.16622890713658894
157680.0,0.16618442879474493
157740.0,0.16613999176683475
157800.0,0.16609559599359874
157860.0,0.16605124141589006
157920.0,0.1660069279746767
157980.0,0.16596265561098394
158040.0,0.1659184242660223
158100.0,0.16587423388109337
158160.0,0.16583008439761027
158220.0,0.16578597575709933
158280.0,0.16574190790115342
158340.0,0.1656978807715301
158400.0,0.1656538943100813
158460.0,0.1656099484587674
158520.0,0.16556604315965873
158580.0,0.16552217835493915
158640.0,0.16547835398689748
158700.0,0.16543456999793313
158760.0,0.1653908263305547
158820.0,0.16534712292737963
158880.0,0.1653034597311283
158940.0,0.1652598366846355
159000.0,0.16521625373084173
159060.0,0.1651727108127948
159120.0,0.16512920787364962
159180.0,0.1650857448566722
159240.0,0.16504232170523053
159300.0,0.16499893836280052
159360.0,0.16495559477296462
159420.0,0.1649122908794113
159480.0,0.16486902662593794
159540.0,0.16482580195644403
159600.0,0.1647826168149357
159660.0,0.16473947114552429
159720.0,0.16469636489242626
159780.0,0.16465329799996212
159840.0,0.1646102704125577
159900.0,0.16456728207474286
159960.0,0.16452433293115135
160020.0,0.1644814229265208
160080.0,0.16443855200569096
160140.0,0.16439572011360643
160200.0,0.1643529271953142
160260.0,0.16431017319596405
160320.0,0.16426745806080814
160380.0,0.16422478173520139
160440.0,0.16418214416460009
160500.0,0.16413954529456257
160560.0,0.16409698507074852
160620.0,0.16405446343891905
160680.0,0.1640119803449377
160740.0,0.16396953573476714
160800.0,0.16392712955447117
160860.0,0.16388476175021405
160920.0,0.16384243226826015
160980.0,0.16380014105497478
161040.0,0.16375788805682182
161100.0,0.16371567322036495
161160.0,0.16367349649226715
161220.0,0.16363135781929047
161280.0,0.16358925714829609
161340.0,0.16354719442624333
161400.0,0.16350516960019004
161460.0,0.1634631826172922
161520.0,0.1634212334248037
161580.0,0.1633793219700762
161640.0,0.1633374482005587
161700.0,0.16329561206379745
161760.0,0.16325381350743565
161820.0,0.1632120524792133
161880.0,0.1631703289269675
161940.0,0.16312864279863104
162000.0,0.163086994042233
162060.0,0.16304538260589835
162120.0,0.16300380843784773
162180.0,0.1629622714863979
162240.0,0.1629207716999601
162300.0,0.1628793090270408
162360.0,0.16283788341624128
162420.0,0.16279649481625746
162480.0,0.1627551431758802
162540.0,0.1627138284439938
162600.0,0.16267255056957675
162660.0,0.1626313095017013
162720.0,0.16259010518953323
162780.0,0.16254893758233208
162840.0,0.16250780662944994
162900.0,0.16246671228033197
162960.0,0.162425654484516
163020.0,0.16238463319163238
163080.0,0.16234364835140405
163140.0,0.1623026999136456
163200.0,0.16226178782826353
163260.0,0.16222091204525602
163320.0,0.1621800725147127
163380.0,0.16213926918681484
163440.0,0.1620985020118342
163500.0,0.16205777094013354
163560.0,0.16201707592216616
163620.0,0.1619764169084758
163680.0,0.16193579384969686
163740.0,0.1618952066965532
163800.0,0.16185465539985858
163860.0,0.1618141399105164
163920.0,0.16177366017951947
163980.0,0.16173321615795017
164040.0,0.16169280779697937
164100.0,0.16165243504786683
164160.0,0.16161209786196104
164220.0,0.16157179619069872
164280.0,0.16153152998560533
164340.0,0.1614912991982937
164400.0,0.16145110378046465
164460.0,0.16141094368390663
164520.0,0.16137081886049548
164580.0,0.16133072926219463
164640.0,0.16129067484105408
164700.0,0.16125065554921073
164760.0,0.16121067133888814
164820.0,0.16117072216239625
164880.0,0.1611308079721317
164940.0,0.16109092872057662
165000.0,0.16105108436029916
165060.0,0.16101127484395314
165120.0,0.16097150012427783
165180.0,0.16093176015409824
165240.0,0.16089205488632388
165300.0,0.16085238427394938
165360.0,0.160812748270054
165420.0,0.16077314682780164
165480.0,0.16073357990044074
165540.0,0.16069404744130353
165600.0,0.16065454940380633
165660.0,0.1606150857414492
165720.0,0.16057565640781574
165780.0,0.16053626135657345
165840.0,0.1604969005414725
165900.0,0.16045757391634619
165960.0,0.1604182814351107
166020.0,0.16037902305176488
166080.0,0.1603397987203904
166140.0,0.16030060839515073
166200.0,0.16026145203029168
166260.0,0.16022232958014093
166320.0,0.16018324099910788
166380.0,0.16014418624168392
166440.0,0.16010516526244134
166500.0,0.1600661780160338
166560.0,0.16002722445719594
166620.0,0.15998830454074323
166680.0,0.15994941822157224
166740.0,0.15991056545465954
166800.0,0.15987174619506217
166860.0,0.15983296039791722
166920.0,0.15979420801844185
166980.0,0.15975548901193326
167040.0,0.15971680333376792
167100.0,0.15967815093940177
167160.0,0.15963953178437001
167220.0,0.15960094582428697
167280.0,0.1595623930148462
167340.0,0.1595238733118196
167400.0,0.1594853866710577
167460.0,0.15944693304848942
167520.0,0.15940851240012194
167580.0,0.15937012468204076
167640.0,0.1593317698504089
167700.0,0.15929344786146715
167760.0,0.1592551586715339
167820.0,0.15921690223700477
167880.0,0.15917867851435305
167940.0,0.15914048746012857
168000.0,0.15910232903095814
168060.0,0.15906420318354525
168120.0,0.1590261098746699
168180.0,0.1589880490611888
168240.0,0.1589500207000344
168300.0,0.1589120247482153
168360.0,0.158874061162816
168420.0,0.15883612990099658
168480.0,0.15879823091999307
168540.0,0.15876036417711642
168600.0,0.15872252962975283
168660.0,0.15868472723536364
168720.0,0.15864695695148492
168780.0,0.1586092187357279
168840.0,0.15857151254577775
168900.0,0.15853383833939438
168960.0,0.15849619607441173
169020.0,0.15845858570873786
169080.0,0.15842100720035504
169140.0,0.15838346050731889
169200.0,0.15834594558775866
169260.0,0.15830846239987706
169320.0,0.15827101090195003
169380.0,0.15823359105232693
169440.0,0.15819620280942964
169500.0,0.158158846131753
169560.0,0.1581215209778643
169620.0,0.1580842273064035
169680.0,0.15804696507608307
169740.0,0.1580097342456872
169800.0,0.1579725347740723
169860.0,0.15793536662016652
169920.0,0.15789822974296974
169980.0,0.15786112410155362
170040.0,0.15782404965506083
170100.0,0.15778700636270537
170160.0,0.15774999418377236
170220.0,0.15771301307761773
170280.0,0.15767606300366857
170340.0,0.15763914392142214
170400.0,0.15760225579044626
170460.0,0.15756539857037907
170520.0,0.15752857222092886
170580.0,0.1574917767018742
170640.0,0.1574550119730631
170700.0,0.1574182779944135
170760.0,0.15738157472591274
170820.0,0.15734490212761765
170880.0,0.15730826015965454
170940.0,0.15727164878221858
171000.0,0.15723506795557382
171060.0,0.15719851764005324
171120.0,0.1571619977960584
171180.0,0.15712550838405978
171240.0,0.1570890493645957
171300.0,0.15705262069827294
171360.0,0.15701622234576626
171420.0,0.15697985426781838
171480.0,0.1569435164252401
171540.0,0.15690720877890946
171600.0,0.15687093128977211
171660.0,0.1568346839188411
171720.0,0.15679846662719654
171780.0,0.15676227937598602
171840.0,0.15672612212642364
171900.0,0.15668999483979038
171960.0,0.15665389747743383
172020.0,0.15661783000076807
172080.0,0.15658179237127384
172140.0,0.15654578455049775
172200.0,0.1565098065000525
172260.0,0.15647385818161674
172320.0,0.15643793955693497
172380.0,0.15640205058781753
172440.0,0.1563661912361399
172500.0,0.15633036146384308
172560.0,0.1562945612329333
172620.0,0.15625879050548186
172680.0,0.1562230492436251
172740.0,0.15618733740956414
172800.0,0.15615165496556477
172860.0,0.1561160018949897
172920.0,0.15608037811297018
172980.0,0.15604478359993268
173040.0,0.1560092182549144
173100.0,0.15597368213062787
173160.0,0.15593817522453585
173220.0,0.1559026973447596
173280.0,0.1558672485904278
173340.0,0.15583182896154052
173400.0,0.1557964383012118
173460.0,0.1557610766130262
173520.0,0.15572574387021382
173580.0,0.15569044004123192
173640.0,0.1556551650895189
173700.0,0.15561991897896135
173760.0,0.1555847016741747
173820.0,0.15554951313977447
173880.0,0.1555143533267678
173940.0,0.15547922220186677
174000.0,0.15544411973038086
174060.0,0.15540904587533877
174120.0,0.15537400059976933
174180.0,0.15533898386516026
174240.0,0.15530399563477776
174300.0,0.15526903587172916
174360.0,0.15523410453886355
174420.0,0.15519920159903
174480.0,0.15516432702087019
174540.0,0.15512948076634067
174600.0,0.15509466279799516
174660.0,0.15505987307935815
174720.0,0.1550251115739541
174780.0,0.1549903782509186
174840.0,0.15495567307291164
174900.0,0.15492099600317155
174960.0,0.15488634700587706
175020.0,0.15485172604520694
175080.0,0.15481713308879988
175140.0,0.1547825681003016
175200.0,0.15474803104371435
175260.0,0.1547135218836203
175320.0,0.15467904058460163
175380.0,0.1546445871135617
175440.0,0.15461016143472497
175500.0,0.15457576351255534
175560.0,0.15454139331190556
175620.0,0.15450705079762847
175680.0,0.15447273593633065
175740.0,0.15443844869291024
175800.0,0.15440418903240066
175860.0,0.15436995692016245
175920.0,0.1543357523216078
175980.0,0.15430157520225807
176040.0,0.1542674255276305
176100.0,0.15423330326329826
176160.0,0.15419920837489712
176220.0,0.1541651408281161
176280.0,0.1541311005889555
176340.0,0.15409708762321792
176400.0,0.15406310189677921
176460.0,0.15402914337561674
176520.0,0.15399521202576882
176580.0,0.15396130781330564
176640.0,0.1539274307043868
176700.0,0.15389358066523065
176760.0,0.15385975766211116
176820.0,0.15382596166136234
176880.0,0.15379219262924448
176940.0,0.15375845053220843
177000.0,0.15372473533675493
177060.0,0.15369104700941982
177120.0,0.1536573855167952
177180.0,0.1536237508254707
177240.0,0.15359014290214928
177300.0,0.15355656171358553
177360.0,0.15352300722657936
177420.0,0.15348947940798507
177480.0,0.15345597822472223
177540.0,0.15342250364375432
177600.0,0.1533890556321002
177660.0,0.15335563415683523
177720.0,0.15332223918508944
177780.0,0.15328887068405764
177840.0,0.15325552862097974
177900.0,0.1532222129631512
177960.0,0.15318892367792408
178020.0,0.1531556607327056
178080.0,0.15312242409494092
178140.0,0.15308921373214696
178200.0,0.15305602961189432
178260.0,0.15302287170180556
178320.0,0.15298973996955778
178380.0,0.15295663438285423
178440.0,0.15292355490948042
178500.0,0.15289050151727426
178560.0,0.15285747417412293
178620.0,0.15282447284796732
178680.0,0.15279149750677884
178740.0,0.15275854811860526
178800.0,0.1527256246515463
178860.0,0.15269272707375106
178920.0,0.15265985535342172
178980.0,0.15262700945879676
179040.0,0.15259418935818397
179100.0,0.152561395019943
179160.0,0.15252862641248333
179220.0,0.15249588350426702
179280.0,0.15246316626379303
179340.0,0.15243047465962817
179400.0,0.15239780866039052
179460.0,0.15236516823474786
179520.0,0.15233255335142004
179580.0,0.1522999639791615
179640.0,0.15226740008679585
179700.0,0.15223486164319736
179760.0,0.15220234861728923
179820.0,0.1521698609780462
179880.0,0.1521373986944762
179940.0,0.15210496173565666
180000.0,0.15207255007071516
180060.0,0.15204016366882742
180120.0,0.1520078024992202
180180.0,0.15197546653115637
180240.0,0.15194315573396222
180300.0,0.15191087007701373
180360.0,0.15187860952973445
180420.0,0.15184637406159754
180480.0,0.15181416364212721
180540.0,0.15178197824089587
180600.0,0.1517498178275255
180660.0,0.15171768237168765
180720.0,0.15168557184310313
180780.0,0.1516534862115402
180840.0,0.15162142544681764
180900.0,0.15158938951880302
180960.0,0.15155737839741246
181020.0,0.15152539205261062
181080.0,0.15149343045441202
181140.0,0.15146149357287858
181200.0,0.15142958137812054
181260.0,0.15139769384029672
181320.0,0.15136583092961411
181380.0,0.15133399261632874
181440.0,0.1513021788707439
181500.0,0.15127038966321082
181560.0,0.15123862496412882
181620.0,0.15120688474394495
181680.0,0.15117516897315375
181740.0,0.15114347762229757
181800.0,0.15111181066196624
181860.0,0.15108016806279698
181920.0,0.1510485497954743
181980.0,0.15101695583072944
182040.0,0.15098538613934118
182100.0,0.15095384069213527
182160.0,0.15092231945998427
182220.0,0.15089082241380755
182280.0,0.1508593495245713
182340.0,0.1508279007632882
182400.0,0.1507964761010174
182460.0,0.15076507550886456
182520.0,0.15073369895798158
182580.0,0.1507023464195671
182640.0,0.15067101786486542
182700.0,0.15063971326516704
182760.0,0.15060843259180834
182820.0,0.1505771758161717
182880.0,0.15054594290968548
182940.0,0.15051473384382355
183000.0,0.1504835485901054
183060.0,0.15045238712009604
183120.0,0.1504212494054059
183180.0,0.15039013541769095
183240.0,0.15035904512865214
183300.0,0.15032797851003576
183360.0,0.15029693553363316
183420.0,0.15026591617128054
183480.0,0.15023492039485922
183540.0,0.15020394817629515
183600.0,0.15017299948755902
183660.0,0.15014207430066615
183720.0,0.15011117258767645
183780.0,0.15008029432069434
183840.0,0.1500494394718685
183900.0,0.15001860801339187
183936.23441390254,0.1499999999993268
183937.23441390254,0.14999948657707998
183938.23441390254,0.14999897316054706
183941.23441390254,0.14999743294668694
183946.23441390254,0.149994866050755
183956.23441390254,0.1499897327452157
183960.0,0.14998779992283426
183976.23441390254,0.14997946807872556
184016.23441390254,0.14995894652051087
184020.0,0.14995701516180593
184056.23441390254,0.1499384353218191
